"time","outputs"
0,10 0 0 0
0.001,9.990000003170682 0.009999996829318347 0 0
0.002,9.98031411182089 0.01999999576989066 0 0
0.003,9.970942031755721 0.02999998103035365 0 0
0.004,9.961883159099894 0.03999993681936562 0 0
0.005,9.953136580909272 0.04999984734563143 0 0
0.006,9.944701076087378 0.0599996968179274 0 0
0.007,9.936575116606036 0.06999946944512629 0 0
0.008,9.928756869028906 0.07999914943622216 0 0
0.009000000000000001,9.921244196336421 0.08999872100035541 0 0
0.01,9.91403466005033 0.09999816834683761 0 0
0.011,9.90712552265574 0.1099974756851765 0 0
0.012,9.900513750318268 0.119996627225101 0 0
0.013,9.89419601589363 0.1299956071765859 0 0
0.014,9.888168702226688 0.1399943997498771 0 0
0.015,9.8824279057367 0.1499929891555163 0 0
0.016,9.876969440285245 0.159991359604366 0 0
0.017,9.871788841322994 0.1699894953076345 0 0
0.018,9.866881370311232 0.179987380476901 0 0
0.019,9.862242019413783 0.18998499932414 0 0
0.02,9.857865516454698 0.1999823360617467 0 0
0.021,9.853746330136808 0.2099793749025618 0 0
0.022,9.849878675516003 0.2199761000598965 0 0
0.023,9.846256519725829 0.2299724957475571 0 0
0.024,9.842873587946752 0.2399685461798705 0 0
0.025,9.8397233696142 0.2499642355717085 0 0
0.026,9.83679912485926 0.2599595481385134 0 0
0.027,9.834093891175666 0.269954468096322 0 0
0.028,9.831600490306501 0.2799489796617917 0 0
0.029,9.829311535343827 0.2899430670522243 0 0
0.03,9.827219438034216 0.2999367144855918 0 0
0.031,9.825316416282996 0.3099299061805609 0 0
0.032,9.823594501849785 0.3199226263565176 0 0
0.033,9.822045548227729 0.329914859233593 0 0
0.034,9.820661238698674 0.3399065890326874 0 0
0.035,9.819433094556304 0.3498977999754957 0 0
0.036,9.818352483489152 0.3598884762845319 0 0
0.037,9.817410628115189 0.3698786021831545 0 0
0.038,9.816598614659592 0.3798681618955911 0 0
0.039,9.815907401767102 0.3898571396469634 0 0
0.04,9.815327829440296 0.3998455196633121 0 0
0.041,9.814850628094938 0.4098332861716216 0 0
0.042,9.814466427723483 0.4198204233998454 0 0
0.043,9.814165767157684 0.4298069155769306 0 0
0.044,9.813939103421159 0.4397927469328429 0 0
0.045,9.813776821162698 0.4497779016985917 0 0
0.046,9.813669242160985 0.4597623641062546 0 0
0.047,9.813606634891382 0.4697461183890026 0 0
0.048,9.813579224145291 0.4797291487811249 0 0
0.049,9.813577200692645 0.489711439518054 0 0
0.05,9.813590730977966 0.4996929748363901 0 0
0.051,9.81360996684043 0.5096737389739265 0 0
0.052,9.813625055248339 0.5196537161696745 0 0
0.053,9.813626148038409 0.5296328906638876 0 0
0.054,9.81360341165024 0.5396112466980875 0 0
0.055,9.813547036846384 0.5495887685150876 0 0
0.056,9.813447248408403 0.5595654403590195 0 0
0.057,9.813294314799354 0.5695412464753562 0 0
0.058,9.813078557783159 0.5795161711109383 0 0
0.059,9.812790361991386 0.5894901985139984 0 0
0.06,9.812420184427967 0.5994633129341856 0 0
0.061,9.811958563902513 0.6094354986225912 0 0
0.062,9.811396130382875 0.6194067398317725 0 0
0.063,9.81072361425775 0.6293770208157788 0 0
0.064,9.809931855500192 0.6393463258301755 0 0
0.065,9.809011812722959 0.6493146391320691 0 0
0.066,9.807954572116779 0.6592819449801324 0 0
0.067,9.806751356262721 0.6692482276346289 0 0
0.068,9.805393532809951 0.6792134713574379 0 0
0.06900000000000001,9.80387262301033 0.6891776604120794 0 0
0.07000000000000001,9.802180310101416 0.6991407790637388 0 0
0.07100000000000001,9.800308447529613 0.7091028115792919 0 0
0.07200000000000001,9.798249067005331 0.7190637422273294 0 0
0.073,9.795994386382237 0.7290235552781821 0 0
0.074,9.793536817352777 0.738982235003946 0 0
0.075,9.790868972952431 0.7489397656785064 0 0
0.076,9.78798367486524 0.7588961315775631 0 0
0.077,9.784873960523434 0.7688513169786554 0 0
0.078,9.78153308999414 0.7788053061611867 0 0
0.079,9.777954552646364 0.7887580834064494 0 0
0.08,9.774132073591693 0.7987096329976497 0 0
0.081,9.770059619892335 0.8086599392199325 0 0
0.082,9.765731406530382 0.818608986360406 0 0
0.083,9.76114190213241 0.8285567587081668 0 0
0.08400000000000001,9.756285834443755 0.8385032405543246 0 0
0.08500000000000001,9.75115819554707 0.8484484161920268 0 0
0.08600000000000001,9.74575424682001 0.8583922699164837 0 0
0.08700000000000001,9.740069523627151 0.8683347860249928 0 0
0.08799999999999999,9.734099839741527 0.878275948816964 0 0
0.089,9.727841291491393 0.8882157425939446 0 0
0.09,9.721290261628146 0.8981541516596434 0 0
0.091,9.714443422911584 0.9080911603199558 0 0
0.092,9.707297741408944 0.918026752882989 0 0
0.093,9.699850479504494 0.9279609136590858 0 0
0.094,9.692099198616695 0.9378936269608507 0 0
0.095,9.684041761620231 0.9478248771031734 0 0
0.096,9.675676334970552 0.9577546484032544 0 0
0.097,9.667001390528819 0.9676829251806295 0 0
0.098,9.65801570708544 0.9776096917571945 0 0
0.099,9.648718371580697 0.9875349324572299 0 0
0.1,9.639108780021283 0.997458631607426 0 0
0.101,9.629186638091802 1.007380773536907 0 0
0.102,9.618951961460672 1.017301342577257 0 0
0.103,9.608405075780093 1.027220323062543 0 0
0.104,9.597546616380109 1.037137699329341 0 0
0.105,9.586377527657048 1.04705345571676 0 0
0.106,9.574899062156938 1.056967576566467 0 0
0.107,9.563112779354835 1.066880046222713 0 0
0.108,9.551020544131228 1.076790849032354 0 0
0.109,9.538624524947053 1.08669996934488 0 0
0.11,9.525927191719102 1.096607391512439 0 0
0.111,9.512931313397935 1.106513099889857 0 0
0.112,9.49963995525067 1.116417078834669 0 0
0.113,9.486056475851351 1.126319312707141 0 0
0.114,9.47218452378185 1.136219785870294 0 0
0.115,9.458028034046565 1.146118482689928 0 0
0.116,9.443591224204447 1.156015387534652 0 0
0.117,9.428878590222181 1.165910484775901 0 0
0.118,9.413894902052613 1.175803758787965 0 0
0.119,9.398645198942774 1.185695193948015 0 0
0.12,9.383134784476143 1.195584774636125 0 0
0.121,9.367369221354046 1.205472485235297 0 0
0.122,9.351354325921328 1.215358310131486 0 0
0.123,9.335096162441701 1.225242233713625 0 0
0.124,9.31860103712844 1.23512424037365 0 0
0.125,9.301875491936279 1.245004314506523 0 0
0.126,9.284926298120677 1.254882440510259 0 0
0.127,9.267760449570773 1.264758602785949 0 0
0.128,9.250385155922633 1.274632785737783 0 0
0.129,9.232807835459578 1.28450497377308 0 0
0.13,9.215036107806593 1.294375151302307 0 0
0.131,9.197077786426044 1.304243302739107 0 0
0.132,9.178940870922085 1.314109412500321 0 0
0.133,9.16063353916137 1.323973465006016 0 0
0.134,9.142164139217842 1.333835444679505 0 0
0.135,9.12354118114953 1.343695335947378 0 0
0.136,9.104773328615504 1.35355312323952 0 0
0.137,9.085869390341225 1.363408790989139 0 0
0.138,9.066838311440733 1.37326232363279 0 0
0.139,9.04768916460424 1.383113705610401 0 0
0.14,9.028431141159803 1.392962921365295 0 0
0.141,9.009073542017932 1.402809955344216 0 0
0.142,8.989625768508025 1.412654791997352 0 0
0.143,8.970097313115728 1.422497415778364 0 0
0.144,8.9504977501303 1.432337811144404 0 0
0.145,8.930836726211272 1.442175962556145 0 0
0.146,8.911123950883661 1.452011854477804 0 0
0.147,8.891369186971156 1.461845471377164 0 0
0.148,8.871582240976688 1.471676797725602 0 0
0.149,8.851772953419895 1.481505817998112 0 0
0.15,8.831951189141019 1.49133251667333 0 0
0.151,8.812126827580794 1.501156878233555 0 0
0.152,8.792309753045911 1.510978887164782 0 0
0.153,8.772509844969694 1.520798527956716 0 0
0.154,8.752736968177574 1.530615785102805 0 0
0.155,8.733000963166974 1.54043064310026 0 0
0.156,8.713311636411202 1.55024308645008 0 0
0.157,8.693678750696916 1.560053099657078 0 0
0.158,8.674112015504702 1.569860667229904 0 0
0.159,8.654621077442251 1.57966577368107 0 0
0.16,8.635215510739576 1.589468403526975 0 0
0.161,8.615904807815671 1.599268541287928 0 0
0.162,8.596698369925884 1.609066171488174 0 0
0.163,8.577605497899258 1.618861278655917 0 0
0.164,8.558635382974989 1.628653847323347 0 0
0.165,8.539797097747016 1.63844386202666 0 0
0.166,8.521099587225706 1.648231307306087 0 0
0.167,8.502551660025437 1.658016167705916 0 0
0.168,8.484161979686796 1.667798427774518 0 0
0.169,8.465939056141927 1.677578072064367 0 0
0.17,8.447891237331477 1.687355085132071 0 0
0.171,8.430026700981408 1.697129451538392 0 0
0.172,8.412353446547773 1.706901155848271 0 0
0.173,8.394879287337433 1.716670182630853 0 0
0.174,8.37761184281247 1.726436516459511 0 0
0.175,8.360558531085896 1.736200141911871 0 0
0.176,8.343726561616066 1.745961043569835 0 0
0.177,8.327122928107006 1.755719206019609 0 0
0.178,8.310754401621656 1.765474613851721 0 0
0.179,8.294627523914839 1.775227251661051 0 0
0.18,8.278748600992508 1.784977104046853 0 0
0.181,8.263123696903659 1.794724155612778 0 0
0.182,8.247758627771013 1.804468390966901 0 0
0.183,8.232658956066379 1.814209794721747 0 0
0.184,8.217829985136316 1.823948351494307 0 0
0.185,8.203276753983534 1.833684045906072 0 0
0.186,8.18900403230916 1.843416862583051 0 0
0.187,8.175016315820763 1.853146786155798 0 0
0.188,8.161317821810776 1.862873801259436 0 0
0.189,8.147912485009686 1.87259789253368 0 0
0.19,8.13480395371805 1.882319044622863 0 0
0.191,8.121995586221205 1.892037242175959 0 0
0.192,8.109490447490165 1.901752469846607 0 0
0.193,8.097291306171986 1.911464712293137 0 0
0.194,8.085400631872565 1.921173954178592 0 0
0.195,8.073820592734545 1.930880180170754 0 0
0.196,8.06255305331273 1.940583374942167 0 0
0.197,8.05159957274909 1.950283523170163 0 0
0.198,8.040961403249185 1.959980609536883 0 0
0.199,8.030639488861471 1.969674618729304 0 0
0.2,8.020634464560731 1.979365535439262 0 0
0.201,8.010946655636515 1.989053344363478 0 0
0.202,8.001576077387195 1.998738030203579 0 0
0.203,7.992522435119945 2.008419577666123 0 0
0.204,7.983785124456626 2.018097971462626 0 0
0.205,7.975363231945312 2.027773196309583 0 0
0.206,7.967255535976805 2.037445236928493 0 0
0.207,7.959460508005271 2.047114078045885 0 0
0.208,7.951976314071784 2.056779704393337 0 0
0.209,7.944800816629263 2.066442100707506 0 0
0.21,7.93793157666701 2.076101251730151 0 0
0.211,7.931365856132757 2.085757142208153 0 0
0.212,7.92510062064982 2.095409756893543 0 0
0.213,7.919132542526684 2.105059080543526 0 0
0.214,7.913458004056057 2.114705097920501 0 0
0.215,7.908073101100118 2.12434779379209 0 0
0.216,7.902973646958443 2.133987152931162 0 0
0.217,7.89815517651477 2.143623160115852 0 0
0.218,7.893612950658537 2.153255800129589 0 0
0.219,7.889341960976796 2.16288505776112 0 0
0.22,7.885336934711905 2.172510917804532 0 0
0.221,7.881592339980083 2.18213336505928 0 0
0.222,7.878102391245688 2.191752384330204 0 0
0.223,7.874861055045817 2.201367960427562 0 0
0.224,7.87186205595957 2.210980078167045 0 0
0.225,7.869098882816094 2.220588722369808 0 0
0.226,7.866564795135278 2.23019387786249 0 0
0.227,7.864252829794743 2.239795529477239 0 0
0.228,7.862155807916549 2.249393662051737 0 0
0.229,7.860266341966821 2.258988260429223 0 0
0.23,7.858576843061286 2.268579309458515 0 0
0.231,7.857079528469511 2.278166793994039 0 0
0.232,7.855766429310449 2.287750698895848 0 0
0.233,7.854629398431669 2.297331009029647 0 0
0.234,7.853660118464536 2.30690770926682 0 0
0.235,7.852850110047345 2.31648078448445 0 0
0.236,7.852190740208335 2.326050219565343 0 0
0.237,7.851673230900282 2.335615999398057 0 0
0.238,7.851288667678261 2.345178108876917 0 0
0.239,7.85102800851201 2.35473653290205 0 0
0.24,7.850882092724205 2.364291256379398 0 0
0.241,7.850841650045806 2.373842264220749 0 0
0.242,7.850897309779566 2.383389541343758 0 0
0.243,7.85103961006264 2.392933072671971 0 0
0.244,7.851259007219149 2.402472843134849 0 0
0.245,7.851545885193492 2.412008837667794 0 0
0.246,7.85189056505507 2.421541041212167 0 0
0.247,7.852283314565064 2.431069438715318 0 0
0.248,7.852714357795805 2.440594015130608 0 0
0.249,7.853173884793267 2.450114755417429 0 0
0.25,7.85365206127312 2.459631644541234 0 0
0.251,7.854139038340799 2.469144667473555 0 0
0.252,7.854624962225981 2.47865380919203 0 0
0.253,7.855099984021866 2.488159054680428 0 0
0.254,7.855554269419657 2.497660388928667 0 0
0.255,7.855978008428624 2.507157796932845 0 0
0.256,7.856361425072163 2.516651263695257 0 0
0.257,7.856694787050283 2.526140774224424 0 0
0.258,7.85696841535898 2.535626313535114 0 0
0.259,7.857172693857016 2.545107866648365 0 0
0.26,7.85729807877064 2.55458541859151 0 0
0.261,7.8573351081269 2.564058954398202 0 0
0.262,7.857274411106211 2.573528459108433 0 0
0.263,7.857106717304962 2.582993917768564 0 0
0.264,7.856822865899022 2.592455315431344 0 0
0.265,7.856413814699092 2.601912637155934 0 0
0.266,7.855870649088978 2.611365868007932 0 0
0.267,7.855184590837951 2.620814993059397 0 0
0.268,7.854347006778518 2.63025999738887 0 0
0.269,7.853349417341009 2.6397008660814 0 0
0.27,7.852183504936588 2.649137584228566 0 0
0.271,7.8508411221804 2.658570136928504 0 0
0.272,7.849314299946737 2.667998509285924 0 0
0.273,7.847595255248279 2.677422686412139 0 0
0.274,7.845676398931634 2.686842653425088 0 0
0.275,7.84355034318158 2.696258395449358 0 0
0.276,7.841209908826598 2.705669897616205 0 0
0.277,7.838648132438506 2.715077145063583 0 0
0.278,7.835858273219161 2.724480122936165 0 0
0.279,7.832833819667448 2.733878816385366 0 0
0.28,7.829568496019979 2.743273210569364 0 0
0.281,7.826056268459137 2.752663290653131 0 0
0.282,7.822291351082343 2.762049041808447 0 0
0.283,7.818268211626649 2.77143044921393 0 0
0.284,7.813981576943026 2.780807498055057 0 0
0.285,7.809426438214911 2.790180173524189 0 0
0.286,7.804598055915904 2.799548460820591 0 0
0.287,7.799491964501686 2.80891234515046 0 0
0.288,7.794103976831551 2.818271811726943 0 0
0.289,7.788430188315176 2.827626845770165 0 0
0.29,7.782466980780542 2.836977432507251 0 0
0.291,7.776211026059195 2.846323557172347 0 0
0.292,7.769659289285286 2.855665205006649 0 0
0.293,7.762809031905166 2.865002361258417 0 0
0.294,7.75565781439454 2.874335011183009 0 0
0.295,7.748203498680511 2.883663140042895 0 0
0.296,7.740444250266121 2.892986733107688 0 0
0.297,7.732378540055291 2.902305775654161 0 0
0.298,7.724005145876363 2.911620252966274 0 0
0.299,7.715323153702735 2.920930150335196 0 0
0.3,7.706331958569384 2.930235453059328 0 0
0.301,7.697031265184386 2.939536146444327 0 0
0.302,7.687421088234802 2.948832215803129 0 0
0.303,7.677501752386667 2.958123646455971 0 0
0.304,7.667273891979037 2.967410423730416 0 0
0.305,7.656738450412435 2.976692532961375 0 0
0.306,7.645896679232277 2.985969959491131 0 0
0.307,7.63475013690819 2.995242688669361 0 0
0.308,7.623300687310426 3.004510705853159 0 0
0.309,7.611550497884874 3.013773996407062 0 0
0.31,7.599502037528475 3.02303254570307 0 0
0.311,7.587158074167126 3.032286339120668 0 0
0.312,7.574521672038486 3.041535362046855 0 0
0.313,7.561596188682334 3.050779599876161 0 0
0.314,7.548385271641474 3.060019038010672 0 0
0.315,7.534892854876441 3.069253661860055 0 0
0.316,7.521123154897523 3.078483456841577 0 0
0.317,7.507080666617949 3.087708408380133 0 0
0.318,7.492770158932314 3.096928501908266 0 0
0.319,7.478196670024602 3.106143722866188 0 0
0.32,7.46336550241046 3.115354056701809 0 0
0.321,7.448282217718591 3.124559488870753 0 0
0.322,7.432952631216428 3.133760004836387 0 0
0.323,7.417382806085487 3.142955590069841 0 0
0.324,7.401579047452062 3.152146230050029 0 0
0.325,7.385547896179125 3.161331910263678 0 0
0.326,7.369296122425594 3.170512616205345 0 0
0.327,7.352830718979283 3.17968833337744 0 0
0.328,7.336158894370163 3.188859047290256 0 0
0.329,7.319288065770679 3.198024743461982 0 0
0.33,7.302225851690171 3.207185407418732 0 0
0.331,7.284980064470584 3.21634102469457 0 0
0.332,7.267558702590883 3.225491580831525 0 0
0.333,7.249969942787769 3.234637061379619 0 0
0.334,7.232222132000457 3.243777451896892 0 0
0.335,7.214323779147493 3.252912737949417 0 0
0.336,7.196283546743693 3.262042905111333 0 0
0.337,7.178110242365507 3.271167938964859 0 0
0.338,7.159812809973206 3.28028782510032 0 0
0.339,7.141400321098471 3.289402549116172 0 0
0.34,7.12288196590608 3.298512096619022 0 0
0.341,7.104267044138501 3.30761645322365 0 0
0.342,7.085564955952347 3.316715604553034 0 0
0.343,7.066785192655722 3.325809536238373 0 0
0.344,7.0479373273556 3.334898233919108 0 0
0.345,7.029031005524478 3.343981683242943 0 0
0.346,7.010075935495596 3.353059869865873 0 0
0.347,6.991081878896122 3.362132779452202 0 0
0.348,6.972058641027727 3.371200397674567 0 0
0.349,6.953016061204049 3.380262710213962 0 0
0.35,6.933964003054596 3.389319702759758 0 0
0.351,6.914912344804627 3.398371361009727 0 0
0.352,6.895870969540632 3.407417670670066 0 0
0.353,6.876849755470999 3.416458617455417 0 0
0.354,6.857858566191495 3.42549418708889 0 0
0.355,6.838907240965152 3.434524365302088 0 0
0.356,6.820005585026161 3.443549137835127 0 0
0.357,6.801163359917341 3.45256849043666 0 0
0.358,6.782390273870717 3.461582408863897 0 0
0.359,6.763695972240696 3.470590878882631 0 0
0.36,6.7450900279993 3.479593886267258 0 0
0.361,6.726581932302806 3.488591416800801 0 0
0.362,6.708181085139135 3.49758345627493 0 0
0.363,6.689896786065193 3.506569990489989 0 0
0.364,6.67173822504333 3.515551005255012 0 0
0.365,6.65371447338593 3.524526486387752 0 0
0.366,6.635834474817099 3.533496419714699 0 0
0.367,6.618107036660256 3.542460791071103 0 0
0.368,6.600540821160321 3.551419586300999 0 0
0.369,6.583144336949073 3.560372791257227 0 0
0.37,6.565925930662101 3.569320391801453 0 0
0.371,6.54889377871561 3.578262373804196 0 0
0.372,6.532055879251205 3.587198723144844 0 0
0.373,6.515420044256609 3.596129425711682 0 0
0.374,6.498993891870073 3.605054467401913 0 0
0.375,6.482784838876095 3.613973834121676 0 0
0.376,6.46680009339983 3.622887511786076 0 0
0.377,6.451046647807423 3.631795486319197 0 0
0.378,6.435531271819251 3.640697743654132 0 0
0.379,6.420260505842894 3.649594269733002 0 0
0.38,6.405240654532388 3.658485050506977 0 0
0.381,6.390477780580139 3.667370071936302 0 0
0.382,6.375977698747605 3.676249319990315 0 0
0.383,6.36174597014066 3.68512278064747 0 0
0.384,6.347787896735264 3.693990439895363 0 0
0.385,6.334108516158861 3.702852283730749 0 0
0.386,6.320712596732648 3.711708298159567 0 0
0.387,6.307604632779602 3.720558469196961 0 0
0.388,6.294788840202912 3.729402782867303 0 0
0.389,6.282269152339153 3.738241225204216 0 0
0.39,6.270049216090325 3.747073782250591 0 0
0.391,6.25813238833855 3.755900440058617 0 0
0.392,6.24652173264698 3.764721184689794 0 0
0.393,6.235220016250161 3.773536002214964 0 0
0.394,6.224229707336833 3.782344878714327 0 0
0.395,6.213552972627839 3.791147800277463 0 0
0.396,6.20319167525154 3.79994475300336 0 0
0.397,6.193147372918831 3.808735723000426 0 0
0.398,6.18342131639955 3.817520696386521 0 0
0.399,6.174014448301805 3.826299659288972 0 0
0.4,6.164927402155397 3.8350725978446 0 0
0.401,6.156160501800261 3.843839498199736 0 0
0.402,6.14771376108053 3.842600346510248 0.01000000000000001 0
0.403,6.13958688384451 3.841355128941561 0.02000000000000002 0
0.404,6.131779264250578 3.840103831668678 0.03000000000000003 0
0.405,6.124289987378695 3.838846440876204 0.04000000000000004 0
0.406,6.117117830146936 3.837582942758365 0.05000000000000004 0
0.407,6.110261262532126 3.836313323519033 0.06000000000000005 0
0.408,6.103718449093381 3.835037569371743 0.07000000000000006 0
0.409,6.09748725079705 3.833755666539723 0.08000000000000007 0
0.41,6.09156522714126 3.832467601255905 0.09000000000000008 0
0.411,6.085949638577958 3.831173359762957 0.1000000000000001 0
0.412,6.080637449230071 3.829872928313296 0.1100000000000001 0
0.413,6.075625329901097 3.828566293169118 0.1200000000000001 0
0.414,6.070909661374151 3.827253440602411 0.1300000000000001 0
0.415,6.066486537997228 3.825934356894984 0.1400000000000001 0
0.416,6.062351771551121 3.824609028338487 0.1500000000000001 0
0.417,6.058500895396198 3.823277441234428 0.1599999999999996 0
0.418,6.05492916889393 3.8219395818942 0.1699999999999996 0
0.419,6.051631582098818 3.820595436639101 0.1799999999999996 0
0.42,6.048602860716086 3.819244991800355 0.1899999999999996 0
0.421,6.045837471320232 3.817888233719133 0.1999999999999996 0
0.422,6.043329626829318 3.816525148746577 0.2099999999999996 0
0.423,6.041073292229563 3.815155723243819 0.2199999999999996 0
0.424,6.039062190544615 3.813779943582004 0.2299999999999996 0
0.425,6.037289809043595 3.812397796142311 0.2399999999999997 0
0.426,6.035749405681798 3.811009267315973 0.2499999999999997 0
0.427,6.034434015767681 3.809614343504304 0.2599999999999997 0
0.428,6.033336458849576 3.808213011118712 0.2699999999999997 0
0.429,6.032449345815317 3.806805256580729 0.2799999999999997 0
0.43,6.031765086197778 3.805391066322026 0.2899999999999997 0
0.431,6.031275895679117 3.803970426784436 0.2999999999999997 0
0.432,6.030973803786319 3.80254332441998 0.3099999999999997 0
0.433,6.030850661770438 3.801109745690881 0.3199999999999997 0
0.434,6.030898150661767 3.799669677069591 0.3299999999999997 0
0.435,6.031107789492987 3.79822310503881 0.3399999999999997 0
0.436,6.031470943682173 3.796770016091507 0.3499999999999998 0
0.437,6.031978833567396 3.795310396730944 0.3599999999999998 0
0.438,6.032622543084487 3.793844233470694 0.3699999999999998 0
0.439,6.0333930285794 3.792371512834663 0.3799999999999998 0
0.44,6.034281127746491 3.790892221357114 0.3899999999999998 0
0.441,6.035277568683871 3.789406345582685 0.3999999999999998 0
0.442,6.036372979056915 3.787913872066411 0.4099999999999998 0
0.443,6.037557895360865 3.786414787373747 0.4199999999999998 0
0.444,6.038822772273412 3.784909078080588 0.4299999999999998 0
0.445,6.040157992087998 3.783396730773288 0.4399999999999998 0
0.446,6.041553874218551 3.781877732048686 0.4499999999999998 0
0.447,6.043000684766259 3.780352068514123 0.4599999999999999 0
0.448,6.044488646138948 3.778819726787465 0.4699999999999999 0
0.449,6.046007946713572 3.777280693497124 0.4799999999999999 0
0.45,6.047548750532274 3.775734955282079 0.4899999999999999 0
0.451,6.049101207022458 3.774182498791896 0.4999999999999999 0
0.452,6.050655460731261 3.772623310686751 0.5099999999999999 0
0.453,6.052201661064845 3.771057377637449 0.5199999999999999 0
0.454,6.053729972022876 3.769484686325449 0.5299999999999999 0
0.455,6.055230581918591 3.767905223442878 0.5399999999999999 0
0.456,6.056693713074861 3.766318975692561 0.5499999999999999 0
0.457,6.058109631486675 3.764725929788032 0.5599999999999999 0
0.458,6.059468656440529 3.763126072453565 0.57 0
0.459,6.060761170081193 3.761519390424188 0.58 0
0.46,6.061977626916445 3.759905870445706 0.59 0
0.461,6.06310856325038 3.758285499274721 0.6 0
0.462,6.064144606535987 3.756658263678657 0.61 0
0.463,6.065076484637751 3.755024150435776 0.62 0
0.464,6.065895034995166 3.753383146335199 0.63 0
0.465,6.066591213678092 3.751735238176933 0.64 0
0.466,6.067156104325025 3.750080412771884 0.65 0
0.467,6.067580926955466 3.748418656941882 0.66 0
0.468,6.067857046647686 3.746749957519702 0.67 0
0.469,6.067975982073325 3.745074301349082 0.68 0
0.47,6.067929413880405 3.743391675284748 0.6900000000000001 0
0.471,6.067709192916472 3.741702066192431 0.7000000000000001 0
0.472,6.067307348283771 3.740005460948888 0.7100000000000001 0
0.473,6.06671609521849 3.738301846441928 0.7200000000000001 0
0.474,6.065927842786299 3.736591209570423 0.7300000000000001 0
0.475,6.064935201386596 3.734873537244339 0.7400000000000001 0
0.476,6.063730990058051 3.73314881638475 0.7500000000000001 0
0.477,6.062308243578228 3.73141703392386 0.7600000000000001 0
0.478,6.060660219350298 3.729678176805026 0.7700000000000001 0
0.479,6.058780404070037 3.727932231982774 0.7800000000000001 0
0.48,6.056662520166515 3.726179186422826 0.7899999999999996 0
0.481,6.054300532010151 3.724419027102114 0.7999999999999996 0
0.482,6.051688651881981 3.722651741008805 0.8099999999999996 0
0.483,6.048821345698255 3.720877315142321 0.8199999999999996 0
0.484,6.045693338484723 3.719095736513357 0.8299999999999996 0
0.485,6.042299619595193 3.717306992143904 0.8399999999999996 0
0.486,6.038635447669224 3.715511069067269 0.8499999999999996 0
0.487,6.03469635532405 3.713707954328093 0.8599999999999997 0
0.488,6.030478153576113 3.711897634982377 0.8699999999999997 0
0.489,6.02597693598784 3.710080098097497 0.8799999999999997 0
0.49,6.021189082535563 3.708255330752227 0.8899999999999997 0
0.491,6.016111263194781 3.706423320036758 0.8999999999999997 0
0.492,6.010740441239211 3.704584053052721 0.9099999999999997 0
0.493,6.005073876250377 3.702737516913203 0.9199999999999997 0
0.494,5.999109126834771 3.700883698742774 0.9299999999999997 0
0.495,5.992844053045903 3.6990225856775 0.9399999999999997 0
0.496,5.986276818508838 3.697154164864966 0.9499999999999997 0
0.497,5.979405892245146 3.695278423464301 0.9599999999999997 0
0.498,5.972230050196441 3.693395348646191 0.9699999999999998 0
0.499,5.964748376445023 3.691504927592903 0.9799999999999998 0
0.5,5.956960264130402 3.689607147498304 0.9899999999999998 0
0.501,5.948865416060823 3.687701995567884 0.9999999999999998 0
0.502,5.940463845019153 3.685789459018773 1.01 0
0.503,5.931755873762871 3.683869525079761 1.02 0
0.504,5.922742134718124 3.681942180991322 1.03 0
0.505,5.913423569368173 3.68000741400563 1.04 0
0.506,5.903801427336819 3.678065211386582 1.05 0
0.507,5.893877265167728 3.676115560409815 1.06 0
0.508,5.883652944800849 3.67415844836273 1.07 0
0.509,5.873130631747422 3.672193862544508 1.08 0
0.51,5.862312792965404 3.670221790266134 1.09 0
0.511,5.851202194437374 3.668242218850414 1.1 0
0.512,5.839801898453339 3.666255135631996 1.11 0
0.513,5.828115260601097 3.664260527957392 1.12 0
0.514,5.816145926467147 3.662258383184994 1.13 0
0.515,5.803897828051394 3.660248688685096 1.14 0
0.516,5.791375179899178 3.658231431839917 1.15 0
0.517,5.778582474954463 3.656206600043615 1.16 0
0.518,5.765524480138263 3.65417418070231 1.17 0
0.519,5.752206231656678 3.652134161234106 1.18 0
0.52,5.738633030043157 3.650086529069107 1.19 0
0.521,5.724810434939901 3.648031271649438 1.2 0
0.522,5.710744259623543 3.645968376429266 1.21 0
0.523,5.696440565280502 3.64389783087482 1.22 0
0.524,5.681905655037678 3.641819622464407 1.23 0
0.525,5.667146067754358 3.63973373868844 1.24 0
0.526,5.652168571581486 3.637640167049447 1.25 0
0.527,5.636980157294619 3.635538895062099 1.26 0
0.528,5.621588031407187 3.633429910253227 1.27 0
0.529,5.605999609070817 3.631313200161839 1.28 0
0.53,5.590222506769752 3.629188752339146 1.29 0
0.531,5.574264534816573 3.627056554348576 1.3 0
0.532,5.558133689656608 3.624916593765795 1.31 0
0.533,5.541838145988654 3.622768858178728 1.32 0
0.534,5.525386248709765 3.620613335187578 1.33 0
0.535,5.508786504692059 3.618450012404845 1.34 0
0.536,5.492047574399675 3.616278877455346 1.35 0
0.537,5.475178263354127 3.614099917976235 1.36 0
0.538,5.458187513456502 3.611913121617019 1.37 0
0.539,5.441084394175053 3.609718476039586 1.38 0
0.54,5.423878093606882 3.607515968918215 1.39 0
0.541,5.406577909422545 3.6053055879396 1.4 0
0.542,5.389193239702506 3.60308732080287 1.41 0
0.543,5.371733573674484 3.600861155219605 1.42 0
0.544,5.35420848236084 3.598627078913862 1.43 0
0.545,5.33662760914523 3.596385079622185 1.44 0
0.546,5.319000660267831 3.594135145093633 1.45 0
0.547,5.301337395258524 3.591877263089795 1.46 0
0.548,5.283647617317478 3.589611421384809 1.47 0
0.549,5.26594116365262 3.587337607765385 1.48 0
0.55,5.248227895783529 3.585055810030819 1.49 0
0.551,5.230517689821332 3.582766015993015 1.5 0
0.552,5.212820426734183 3.580468213476507 1.51 0
0.553,5.195145982607934 3.578162390318474 1.52 0
0.554,5.177504218911618 3.57584853436876 1.53 0
0.555,5.159904972777339 3.573526633489894 1.54 0
0.556,5.142358047304172 3.571196675557109 1.55 0
0.5570000000000001,5.124873201895631 3.568858648458364 1.56 0
0.5580000000000001,5.107460142640251 3.566512540094355 1.57 0
0.5590000000000001,5.090128512744776 3.564158338378545 1.58 0
0.5600000000000001,5.072887883029378 3.561796031237173 1.59 0
0.5610000000000001,5.05574774249432 3.55942560660928 1.6 0
0.5620000000000001,5.038717488967332 3.557047052446726 1.61 0
0.5630000000000001,5.021806419840969 3.554660356714206 1.62 0
0.5640000000000001,5.00502372290906 3.552265507389275 1.63 0
0.5650000000000001,4.988378467311314 3.549862492462362 1.64 0
0.5660000000000001,4.971879594595003 3.547451299936789 1.65 0
0.5670000000000001,4.955535909902559 3.545031917828794 1.66 0
0.5680000000000001,4.939356073293767 3.542604334167547 1.67 0
0.5690000000000001,4.923348591211125 3.540168536995169 1.68 0
0.5700000000000001,4.907521808096798 3.53772451436675 1.69 0
0.5710000000000001,4.891883898169427 3.535272254350372 1.7 0
0.5720000000000001,4.876442857368919 3.532811745027123 1.71 0
0.5730000000000001,4.861206495477167 3.530342974491117 1.72 0
0.5740000000000001,4.846182428422463 3.527865930849516 1.73 0
0.5750000000000001,4.831378070775221 3.525380602222544 1.74 0
0.5760000000000001,4.816800628442389 3.52288697674351 1.75 0
0.577,4.80245709156779 3.520385042558824 1.759999999999999 0
0.578,4.788354227645361 3.517874787828016 1.769999999999999 0
0.579,4.774498574852134 3.515356200723756 1.779999999999999 0
0.58,4.760896435607488 3.512829269431873 1.789999999999999 0
0.581,4.747553870365066 3.51029398215137 1.799999999999999 0
0.582,4.734476691643468 3.507750327094447 1.809999999999999 0
0.583,4.721670458301607 3.505198292486518 1.819999999999999 0
0.584,4.709140470064392 3.502637866566229 1.829999999999999 0
0.585,4.696891762304127 3.500069037585477 1.839999999999999 0
0.586,4.684929101082781 3.497491793809428 1.849999999999999 0
0.587,4.67325697846002 3.494906123516538 1.859999999999999 0
0.588,4.661879608071643 3.492312014998567 1.869999999999999 0
0.589,4.650800920982761 3.489709456560602 1.879999999999999 0
0.59,4.640024561819836 3.487098436521074 1.889999999999999 0
0.591,4.629553885185387 3.484478943211773 1.899999999999999 0
0.592,4.619391952358894 3.481850964977874 1.909999999999999 0
0.593,4.609541528287173 3.479214490177946 1.919999999999999 0
0.594,4.600005078867174 3.47656950718398 1.929999999999999 0
0.595,4.590784768523899 3.473916004381399 1.94 0
0.596,4.581882458085815 3.471253970169081 1.95 0
0.597,4.573299702959877 3.468583392959376 1.96 0
0.598,4.565037751607941 3.465904261178125 1.97 0
0.599,4.557097544326094 3.463216563264679 1.98 0
0.6,4.549479712328077 3.460520287671915 1.99 0
0.601,4.542184577133739 3.457815422866253 2 0
0.602,4.535212150263092 3.455101957327681 2.01 0
0.603,4.528562133236301 3.452379879549766 2.02 0
0.604,4.522233917879578 3.449649178039675 2.029999999999999 0
0.605,4.516226586936702 3.446909841318194 2.039999999999999 0
0.606,4.510538914985555 3.444161857919743 2.049999999999999 0
0.607,4.505169369658756 3.4414052163924 2.059999999999999 0
0.608,4.500116113167209 3.438639905297912 2.069999999999999 0
0.609,4.495377004125052 3.435865913211718 2.079999999999998 0
0.61,4.490949599674196 3.433083228722966 2.089999999999998 0
0.611,4.486831157906383 3.430291840434528 2.099999999999998 0
0.612,4.48301864058034 3.427491736963024 2.109999999999998 0
0.613,4.479508716131377 3.424682906938833 2.119999999999997 0
0.614,4.476297762970441 3.421865339006117 2.129999999999997 0
0.615,4.473381873069374 3.419039021822836 2.139999999999997 0
0.616,4.470756855828841 3.416203944060764 2.149999999999997 0
0.617,4.468418242225111 3.413360094405511 2.159999999999997 0
0.618,4.466361289231585 3.41050746155654 2.169999999999996 0
0.619,4.464580984510733 3.407646034227183 2.179999999999996 0
0.62,4.463072051371779 3.404775801144658 2.189999999999996 0
0.621,4.461828953989272 3.40189675105009 2.199999999999996 0
0.622,4.460845902877364 3.399008872698528 2.209999999999996 0
0.623,4.460116860614418 3.39611215485896 2.219999999999995 0
0.624,4.45963554781228 3.393206586314335 2.229999999999995 0
0.625,4.459395449324325 3.390292155861577 2.239999999999995 0
0.626,4.459389820686163 3.387368852311603 2.249999999999995 0
0.627,4.459611694782635 3.384436664489346 2.259999999999994 0
0.628,4.460053888734521 3.381495581233764 2.269999999999994 0
0.629,4.460709010998178 3.378545591397865 2.279999999999994 0
0.63,4.46156946867108 3.37558668384872 2.289999999999994 0
0.631,4.462627474996066 3.372618847467483 2.299999999999994 0
0.632,4.463875057056886 3.369642071149408 2.309999999999993 0
0.633,4.465304063657448 3.366656343803867 2.319999999999993 0
0.634,4.46690617337699 3.363661654354364 2.329999999999993 0
0.635,4.468672902793234 3.360657991738558 2.339999999999993 0
0.636,4.470595614865397 3.357645344908279 2.349999999999993 0
0.637,4.472665527468795 3.35462370282954 2.359999999999992 0
0.638,4.474873722072611 3.351593054482565 2.369999999999992 0
0.639,4.477211152552266 3.348553388861792 2.379999999999992 0
0.64,4.479668654127694 3.345504694975907 2.389999999999992 0
0.641,4.482236952418706 3.342446961847846 2.399999999999991 0
0.642,4.484906672608498 3.339380178514823 2.409999999999991 0
0.643,4.487668348706265 3.336304334028343 2.419999999999991 0
0.644,4.490512432899777 3.333219417454218 2.429999999999991 0
0.645,4.493429304988693 3.330125417872589 2.439999999999991 0
0.646,4.496409281889296 3.327022324377938 2.44999999999999 0
0.647,4.499442627201271 3.323910126079108 2.45999999999999 0
0.648,4.502519560827089 3.32078881209932 2.46999999999999 0
0.649,4.505630268634502 3.31765837157619 2.47999999999999 0
0.65,4.508764912152603 3.314518793661746 2.48999999999999 0
0.651,4.511913638291905 3.311370067522445 2.499999999999989 0
0.652,4.515066589078817 3.308212182339191 2.509999999999989 0
0.653,4.518213911394941 3.305045127307349 2.519999999999989 0
0.654,4.521345766711553 3.301868891636768 2.529999999999989 0
0.655,4.524452340809674 3.298683464551792 2.539999999999988 0
0.656,4.527523853476137 3.29548883529128 2.549999999999988 0
0.657,4.530550568166081 3.292284993108623 2.559999999999988 0
0.658,4.533522801622331 3.289071927271761 2.569999999999988 0
0.659,4.536430933442181 3.285849627063197 2.579999999999988 0
0.66,4.539265415582128 3.282618081780019 2.589999999999987 0
0.661,4.542016781791186 3.279377280733913 2.599999999999987 0
0.662,4.54467565696346 3.276127213251181 2.609999999999987 0
0.663,4.547232766400766 3.272867868672757 2.619999999999987 0
0.664,4.549678944976135 3.269599236354229 2.629999999999987 0
0.665,4.552005146189178 3.266321305665846 2.639999999999986 0
0.666,4.554202451104365 3.263034065992543 2.649999999999986 0
0.667,4.55626207716339 3.259737506733957 2.659999999999986 0
0.668,4.558175386862947 3.256431617304439 2.669999999999986 0
0.669,4.559933896289332 3.253116387133074 2.679999999999986 0
0.67,4.561529283501452 3.2497918056637 2.689999999999985 0
0.671,4.562953396753983 3.246457862354918 2.699999999999985 0
0.672,4.564198262552542 3.243114546680116 2.709999999999985 0
0.673,4.565256093532936 3.239761848127479 2.719999999999985 0
0.674,4.566119296156707 3.236399756200013 2.729999999999984 0
0.675,4.56678047821538 3.233028260415554 2.739999999999984 0
0.676,4.56723245613601 3.229647350306789 2.749999999999984 0
0.677,4.567468262080815 3.226257015421271 2.759999999999984 0
0.678,4.567481150833885 3.222857245321438 2.769999999999984 0
0.679,4.567264606468185 3.219448029584625 2.779999999999983 0
0.68,4.566812348786256 3.216029357803085 2.789999999999983 0
0.681,4.566118339528265 3.212601219584001 2.799999999999983 0
0.6820000000000001,4.565176788341279 3.209163604549507 2.809999999999983 0
0.6830000000000001,4.563982158503875 3.205716502336701 2.819999999999983 0
0.6840000000000001,4.562529172400416 3.202259902597663 2.829999999999982 0
0.6850000000000001,4.560812816739625 3.198793794999472 2.839999999999982 0
0.6860000000000001,4.558828347512273 3.195318169224219 2.849999999999982 0
0.6870000000000001,4.556571294683116 3.191833014969027 2.859999999999982 0
0.6880000000000001,4.554037466612426 3.188338321946065 2.869999999999981 0
0.6890000000000001,4.551222954202773 3.184834079882565 2.879999999999981 0
0.6900000000000001,4.548124134766952 3.18132027852084 2.889999999999981 0
0.6910000000000001,4.544737675613246 3.177796907618295 2.899999999999981 0
0.6920000000000001,4.541060537344483 3.174263956947449 2.909999999999981 0
0.6930000000000001,4.537089976867631 3.17072141629595 2.91999999999998 0
0.6940000000000001,4.53282355011096 3.167169275466586 2.92999999999998 0
0.6950000000000001,4.528259114446094 3.16360752427731 2.93999999999998 0
0.6960000000000001,4.52339483081256 3.160036152561246 2.94999999999998 0
0.6970000000000001,4.518229165542735 3.156455150166714 2.95999999999998 0
0.6980000000000001,4.512760891885395 3.152864506957239 2.969999999999979 0
0.6990000000000001,4.506989091226354 3.149264212811573 2.979999999999979 0
0.7000000000000001,4.500913154005002 3.145654257623707 2.989999999999979 0
0.7010000000000001,4.494532780325822 3.142034631302887 2.999999999999979 0
0.7020000000000001,4.487847980264295 3.138405323773633 3.009999999999978 0
0.7030000000000001,4.480859073866883 3.134766324975752 3.019999999999978 0
0.704,4.473566690845097 3.131117624864354 3.029999999999977 0
0.705,4.465971769963938 3.127459213409871 3.039999999999977 0
0.706,4.458075558125339 3.123791080598067 3.049999999999977 0
0.707,4.449879609147487 3.120113216430061 3.059999999999977 0
0.708,4.441385782241245 3.116425610922338 3.069999999999976 0
0.709,4.432596240185172 3.112728254106763 3.079999999999976 0
0.71,4.423513447200937 3.109021136030605 3.089999999999976 0
0.711,4.41414016653125 3.105304246756543 3.099999999999976 0
0.712,4.404479457722652 3.101577576362687 3.109999999999975 0
0.713,4.394534673615897 3.104709345652641 3.113131769289929 0
0.714,4.384309457046861 3.107836214483985 3.116258638121273 0
0.715,4.373807737261246 3.110958177918967 3.119380601556255 0
0.716,4.363033726046624 3.11407523102758 3.122497654664868 0
0.717,4.351991913585623 3.117187368887572 3.12560979252486 0
0.718,4.340687064034358 3.120294586584452 3.128717010221741 0
0.719,4.329124210830472 3.123396879211501 3.131819302848789 0
0.72,4.317308651735407 3.126494241869773 3.134916665507061 0
0.721,4.305245943615806 3.12958666966811 3.138009093305399 0
0.722,4.2929418969692 3.132674157723149 3.141096581360437 0
0.723,4.280402570199367 3.135756701159321 3.14417912479661 0
0.724,4.267634263647029 3.138834295108873 3.147256718746161 0
0.725,4.254643513381765 3.141906934711861 3.150329358349149 0
0.726,4.241437084761284 3.144974615116169 3.153397038753457 0
0.727,4.228021965764386 3.148037331477511 3.156459755114799 0
0.728,4.214405360104224 3.15109507895944 3.159517502596728 0
0.729,4.200594680128637 3.154147852733354 3.162570276370642 0
0.73,4.186597539514572 3.157195647978508 3.165618071615797 0
0.731,4.172421745763804 3.160238459882017 3.168660883519305 0
0.732,4.158075292507363 3.163276283638865 3.171698707276154 0
0.733,4.143566351626244 3.166309114451915 3.174731538089203 0
0.734,4.128903265196211 3.169336947531912 3.1777593711692 0
0.735,4.114094537264608 3.172359778097494 3.180782201734782 0
0.736,4.099148825467313 3.1753776013752 3.183800025012488 0
0.737,4.084074932494104 3.178390412599474 3.186812836236763 0
0.738,4.068881797410859 3.181398207012677 3.189820630649965 0
0.739,4.05357848684715 3.18440097986509 3.192823403502378 0
0.74,4.038174186057937 3.187398726414925 3.195821150052214 0
0.741,4.022678189868172 3.190391441928333 3.198813865565621 0
0.742,4.007099893509259 3.193379121679405 3.201801545316693 0
0.743,3.991448783356407 3.196361760950187 3.204784184587476 0
0.744,3.975734427576021 3.199339355030686 3.207761778667975 0
0.745,3.959966466692358 3.202311899218874 3.210734322856163 0
0.746,3.944154604082759 3.205279388820698 3.213701812457987 0
0.747,3.928308596410837 3.208241819150087 3.216664242787375 0
0.748,3.912438244007063 3.211199185528959 3.219621609166247 0
0.749,3.896553381206242 3.214151483287228 3.222573906924516 0
0.75,3.880663866651413 3.217098707762814 3.225521131400102 0
0.751,3.864779573573747 3.220040854301646 3.228463277938935 0
0.752,3.848910380058033 3.222977918257675 3.231400341894963 0
0.753,3.833066159303351 3.225909894992875 3.234332318630163 0
0.754,3.817256769888562 3.228836779877254 3.237259203514542 0
0.755,3.801492046052202 3.231758568288861 3.24018099192615 0
0.756,3.785781787996382 3.234675255613795 3.243097679251083 0
0.757,3.770135752224271 3.237586837246208 3.246009260883496 0
0.758,3.75456364192067 3.240493308588314 3.248915732225603 0
0.759,3.739075097385214 3.2433946650504 3.251817088687688 0
0.76,3.723679686527592 3.246290902050826 3.254713325688114 0
0.761,3.708386895434213 3.249182015016039 3.257604438653328 0
0.762,3.693206119015593 3.252067999380578 3.260490423017866 0
0.763,3.678146651743708 3.254948850587079 3.263371274224367 0
0.764,3.663217678488456 3.257824564086285 3.266246987723573 0
0.765,3.648428265462262 3.260695135337052 3.26911755897434 0
0.766,3.63378735128177 3.263560559806356 3.271982983443644 0
0.767,3.619303738155443 3.2664208329693 3.274843256606589 0
0.768,3.604986083205757 3.269275950309124 3.277698373946412 0
0.769,3.590842889934573 3.272125907317206 3.280548330954494 0
0.77,3.576882499840087 3.274970699493076 3.283393123130364 0
0.771,3.563113084193653 3.277810322344418 3.286232745981706 0
0.772,3.54954263598457 3.280644771387081 3.289067195024369 0
0.773,3.536178962040809 3.283474042145083 3.291896465782371 0
0.774,3.523029675333434 3.286298130150618 3.294720553787906 0
0.775,3.510102187472322 3.289117030944066 3.297539454581355 0
0.776,3.497403701400591 3.291930740074 3.300353163711288 0
0.777,3.484941204294931 3.294739253097186 3.303161676734474 0
0.778,3.472721460678865 3.297542565578601 3.305964989215889 0
0.779,3.460751005755718 3.30034067309143 3.308763096728719 0
0.78,3.449036138967887 3.303133571217082 3.31155599485437 0
0.781,3.437582917788752 3.305921255545186 3.314343679182475 0
0.782,3.42639715175338 3.308703721673611 3.3171261453109 0
0.783,3.415484396733888 3.311480965208462 3.319903388845751 0
0.784,3.404849949465123 3.314252981764093 3.322675405401381 0
0.785,3.394498842326071 3.317019766963111 3.325442190600399 0
0.786,3.384435838382129 3.319781316436384 3.328203740073672 0
0.787,3.374665426693148 3.322537625823049 3.330960049460337 0
0.788,3.365191817891864 3.325288690770517 3.333711114407805 0
0.789,3.356018940037088 3.328034506934481 3.33645693057177 0
0.79,3.347150434745751 3.330775069978923 3.339197493616211 0
0.791,3.338589653607609 3.33351037557612 3.341932799213408 0
0.792,3.330339654886157 3.33624041940665 3.344662843043938 0
0.793,3.329510688595607 3.3354114531161 3.343833876753388 0
0.794,3.328783544457619 3.334684308978111 3.3431067326154 0
0.795,3.328158940075666 3.334059704596159 3.342482128233447 0
0.796,3.327637491858866 3.333538256379359 3.341960680016647 0
0.797,3.327219714413651 3.333120478934144 3.341542902571432 0
0.798,3.326906020035923 3.332806784556416 3.341229208193704 0
0.799,3.326696718304158 3.332597482824651 3.341019906461939 0
0.8,3.326592015773898 3.332492780294391 3.340915203931679 0
0.801,3.326592015773898 3.332492780294391 3.340915203931679 0
0.802,3.326696718304158 3.332597482824651 3.341019906461939 0
0.803,3.326906020035923 3.332806784556416 3.341229208193704 0
0.804,3.327219714413651 3.333120478934144 3.341542902571432 0
0.805,3.327637491858866 3.333538256379359 3.341960680016647 0
0.806,3.328158940075666 3.334059704596159 3.342482128233447 0
0.8070000000000001,3.328783544457619 3.334684308978111 3.3431067326154 0
0.8080000000000001,3.329510688595607 3.3354114531161 3.343833876753388 0
0.8090000000000001,3.330339654886157 3.33624041940665 3.344662843043938 0
0.8100000000000001,3.331269625239621 3.337170389760113 3.345592813397402 0
0.8110000000000001,3.332299681887537 3.33820044640803 3.346622870045318 0
0.8120000000000001,3.333428808288355 3.339329572808848 3.347751996446136 0
0.8130000000000001,3.334655890130637 3.34055665465113 3.348979078288418 0
0.8140000000000001,3.335979716432753 3.341880480953246 3.350302904590534 0
0.8150000000000001,3.33739898073797 3.343299745258463 3.351722168895751 0
0.8160000000000001,3.338912282403769 3.344813046924262 3.35323547056155 0
0.8170000000000001,3.340518127984108 3.346418892504601 3.354841316141889 0
0.8180000000000001,3.342214932703276 3.348115697223769 3.356538120861057 0
0.8190000000000001,3.344001022019873 3.349901786540366 3.358324210177654 0
0.8200000000000001,3.34587463327938 3.351775397799873 3.360197821437161 0
0.8210000000000001,3.347833917453689 3.353734681974181 3.36215710561147 0
0.8220000000000001,3.349876940965865 3.355777705486358 3.364200129123646 0
0.8230000000000001,3.352001687598361 3.357902452118854 3.366324875756142 0
0.8240000000000001,3.354206060482773 3.360106825003266 3.368529248640554 0
0.8250000000000001,3.356487884169202 3.362388648689695 3.370811072326983 0
0.8260000000000001,3.358844906773157 3.36474567129365 3.373168094930938 0
0.8270000000000001,3.361274802197895 3.367175566718388 3.375597990355676 0
0.8280000000000001,3.363775172429996 3.369675936950489 3.378098360587777 0
0.8290000000000001,3.366343549905916 3.372244314426408 3.380666738063697 0
0.8300000000000001,3.368977399947168 3.374878164467661 3.383300588104949 0
0.8310000000000001,3.371674123261751 3.377574887782244 3.385997311419532 0
0.8320000000000001,3.374431058509333 3.380331823029826 3.388754246667114 0
0.833,3.377852946273908 3.382842518775048 3.391264942412336 0
0.834,3.38144984624728 3.385347778923381 3.39377020256067 0
0.835,3.385213271857126 3.387847599518678 3.396270023155966 0
0.836,3.389134582909607 3.390341976613379 3.398764400250667 0
0.837,3.393204994123978 3.392830906268523 3.401253329905812 0
0.838,3.397415583810361 3.395314384553751 3.40373680819104 0
0.839,3.401757302682123 3.397792407547312 3.4062148311846 0
0.84,3.406220982794153 3.400264971336068 3.408687394973356 0
0.841,3.410797346598233 3.402732072015504 3.411154495652792 0
0.842,3.415477016106547 3.405193705689732 3.41361612932702 0
0.843,3.420250522154307 3.407649868471495 3.416072292108783 0
0.844,3.425108313752329 3.410100556482178 3.418522980119466 0
0.845,3.430040767520354 3.412545765851809 3.420968189489097 0
0.846,3.435038197191785 3.414985492719069 3.423407916356358 0
0.847,3.440090863180474 3.417419733231297 3.425842156868586 0
0.848,3.44518898220011 3.419848483544495 3.428270907181783 0
0.849,3.450322736926716 3.422271739823333 3.430694163460621 0
0.85,3.455482285694719 3.42468949824116 3.433111921878448 0
0.851,3.460657772217028 3.427101754980006 3.435524178617294 0
0.852,3.465839335319524 3.429508506230587 3.437930929867875 0
0.853,3.471017118680351 3.431909748192314 3.440332171829603 0
0.854,3.476181280564411 3.4343054770733 3.442727900710588 0
0.855,3.481322003543434 3.436695689090361 3.445118112727649 0
0.856,3.486429504192056 3.439080380469026 3.447502804106314 0
0.857,3.491494042750312 3.441459547443541 3.44988197108083 0
0.858,3.496505932743025 3.443833186256878 3.452255609894166 0
0.859,3.501455550546594 3.446201293160737 3.454623716798025 0
0.86,3.50633334489373 3.448563864415553 3.456986288052842 0
0.861,3.511129846306778 3.450920896290505 3.459343319927794 0
0.862,3.515835676450296 3.453272385063517 3.461694808700805 0
0.863,3.520441557393678 3.455618327021268 3.464040750658556 0
0.864,3.524938320774665 3.457958718459194 3.466381142096482 0
0.865,3.529316916854716 3.460293555681499 3.468715979318787 0
0.866,3.533568423457287 3.462622835001155 3.471045258638443 0
0.867,3.53768405478021 3.464946552739913 3.473368976377201 0
0.868,3.541655170073466 3.467264705228305 3.475687128865593 0
0.869,3.545473282173791 3.469577288805652 3.47799971244294 0
0.87,3.549130065887703 3.471884299820069 3.480306723457357 0
0.871,3.552617366214649 3.47418573462847 3.482608158265759 0
0.872,3.555927206402194 3.476481589596577 3.484904013233865 0
0.873,3.559051795825266 3.478771861098919 3.487194284736208 0
0.874,3.561983537681714 3.481056545518848 3.489478969156136 0
0.875,3.564715036496559 3.483335639248532 3.49175806288582 0
0.876,3.567239105427542 3.485609138688973 3.494031562326262 0
0.877,3.569548773364765 3.487877040250005 3.496299463887294 0
0.878,3.571637291817409 3.490139340350302 3.49856176398759 0
0.879,3.573498141580735 3.492396035417382 3.50081845905467 0
0.88,3.575125039176796 3.494647121887617 3.503069545524905 0
0.881,3.576511943062489 3.496892596206233 3.505315019843521 0
0.882,3.577653059598836 3.49913245482732 3.507554878464608 0
0.883,3.578542848775595 3.501366694213835 3.509789117851124 0
0.884,3.579176029685549 3.503595310837611 3.512017734474899 0
0.885,3.579547585743076 3.505818301179355 3.514240724816644 0
0.886,3.579652769641853 3.508035661728665 3.516458085365953 0
0.887,3.579487108046785 3.510247388984024 3.518669812621312 0
0.888,3.579046406015554 3.512453479452813 3.520875903090102 0
0.889,3.578326751145397 3.514653929651315 3.523076353288603 0
0.89,3.577324517441044 3.516848736104718 3.525271159742006 0
0.891,3.576036368899983 3.519037895347123 3.527460318984411 0
0.892,3.574459262811523 3.521221403921549 3.529643827558838 0
0.893,3.572590452766394 3.523399258379938 3.531821682017227 0
0.894,3.570427491373914 3.525571455283161 3.533993878920449 0
0.895,3.567968232684051 3.527737991201021 3.536160414838309 0
0.896,3.565210834311969 3.529898862712263 3.538321286349551 0
0.897,3.562153759262985 3.532054066404577 3.540476490041865 0
0.898,3.558795777456123 3.5342035988746 3.542626022511889 0
0.899,3.555135966944759 3.536347456727929 3.544769880365217 0
0.9,3.551173714833161 3.538485636579118 3.546908060216407 0
0.901,3.546908717888017 3.535618135051691 3.544040558688979 0.01000000000000001
0.902,3.542340982844337 3.53274494877814 3.541167372415428 0.02000000000000002
0.903,3.53747082640545 3.529866074399937 3.538288498037225 0.03000000000000003
0.904,3.532298874937069 3.526981508567534 3.535403932204823 0.04000000000000004
0.905,3.526826063855748 3.524091247940373 3.532513671577662 0.05000000000000004
0.906,3.521053636712317 3.521195289186887 3.529617712824176 0.06000000000000005
0.907,3.517095698997032 3.517237351471602 3.52565977510889 0.07000000000000006
0.908,3.51303522152571 3.51317687400028 3.521599297637568 0.08000000000000007
0.909,3.508872921901827 3.509014574376397 3.517436998013685 0.09000000000000008
0.91,3.504609618215029 3.504751270689599 3.513173694326888 0.1000000000000001
0.911,3.50024622823378 3.50038788070835 3.508810304345638 0.1100000000000001
0.912,3.495783768499629 3.495925420974199 3.504347844611487 0.1200000000000001
0.913,3.491223353324013 3.491365005798583 3.499787429435871 0.1300000000000001
0.914,3.486566193688564 3.486707846163134 3.495130269800422 0.1400000000000001
0.915,3.481813596050014 3.481955248524584 3.490377672161872 0.1500000000000001
0.916,3.476966961050882 3.477108613525452 3.48553103716274 0.1600000000000001
0.917,3.472027782137209 3.47216943461178 3.480591858249068 0.1700000000000002
0.918,3.466997644084708 3.467139296559278 3.475561720196567 0.1800000000000002
0.919,3.461878221434779 3.462019873909349 3.470442297546637 0.1900000000000002
0.92,3.456671276841938 3.456812929316508 3.465235352953796 0.2000000000000002
0.921,3.451378659334296 3.451520311808866 3.459942735446154 0.2100000000000002
0.922,3.446002302488786 3.446143954963356 3.454566378600644 0.2200000000000002
0.923,3.440544222522957 3.440685874997527 3.449108298634815 0.2300000000000002
0.924,3.435006516305211 3.435148168779782 3.44357059241707 0.2400000000000002
0.925,3.429391359285449 3.429533011760019 3.437955435397308 0.2500000000000002
0.926,3.423701003348161 3.423842655822731 3.432265079460019 0.2600000000000002
0.927,3.417937774590089 3.418079427064659 3.426501850701948 0.2700000000000002
0.928,3.412104071024654 3.412245723499225 3.420668147136513 0.2800000000000002
0.929,3.406202360215402 3.406344012689972 3.41476643632726 0.2900000000000003
0.93,3.400235176840816 3.400376829315386 3.408799252952674 0.3000000000000003
0.931,3.3942051201929 3.39434677266747 3.402769196304758 0.3100000000000003
0.9320000000000001,3.388114851611984 3.388256504086554 3.396678927723843 0.3200000000000003
0.9330000000000001,3.381967091860311 3.382108744334881 3.390531167972169 0.3300000000000003
0.9340000000000001,3.375764618436965 3.375906270911535 3.384328694548823 0.3400000000000003
0.9350000000000001,3.369510262836818 3.369651915311388 3.378074338948676 0.3500000000000003
0.9360000000000001,3.36320690775619 3.36334856023076 3.371770983868049 0.3600000000000003
0.9370000000000001,3.35685748424797 3.35699913672254 3.365421560359828 0.3700000000000003
0.9380000000000001,3.350464968829023 3.350606621303593 3.359029044940882 0.3800000000000003
0.9390000000000001,3.344032380542729 3.344174033017299 3.352596456654588 0.3900000000000003
0.9400000000000001,3.337562777979548 3.337704430454119 3.346126854091407 0.4000000000000004
0.9410000000000001,3.331059256258565 3.331200908733135 3.339623332370423 0.4100000000000004
0.9420000000000001,3.324524943972975 3.324666596447545 3.333089020084834 0.4200000000000004
0.9430000000000001,3.317963000102546 3.318104652577116 3.326527076214405 0.4300000000000004
0.9440000000000001,3.311376610896084 3.311518263370654 3.319940687007942 0.4400000000000004
0.9450000000000001,3.304768986726988 3.304910639201558 3.313333062838846 0.4500000000000004
0.9460000000000001,3.298143358925004 3.298285011399574 3.306707435036862 0.4600000000000004
0.9470000000000001,3.291502976587289 3.291644629061859 3.300067052699148 0.4700000000000004
0.9480000000000001,3.284851103371945 3.284992755846516 3.293415179483804 0.4800000000000004
0.9490000000000001,3.278191014277184 3.278332666751754 3.286755090389043 0.4900000000000004
0.9500000000000001,3.271525992409299 3.271667644883869 3.280090068521157 0.5000000000000004
0.9510000000000001,3.264859325742632 3.265000978217202 3.27342340185449 0.5100000000000005
0.9520000000000001,3.258194303874746 3.258335956349316 3.266758379986605 0.5200000000000005
0.9530000000000001,3.251534214779985 3.251675867254555 3.260098290891844 0.5300000000000005
0.9540000000000001,3.244882341564642 3.245023994039212 3.2534464176765 0.5400000000000005
0.9550000000000001,3.238241959226927 3.238383611701497 3.246806035338785 0.5500000000000005
0.9560000000000001,3.231616331424943 3.231757983899513 3.240180407536801 0.5600000000000005
0.9570000000000001,3.225008707255847 3.225150359730417 3.233572783367705 0.5700000000000005
0.9580000000000001,3.218422318049385 3.218563970523955 3.226986394161243 0.5800000000000005
0.9590000000000001,3.211860374178956 3.212002026653526 3.220424450290814 0.5900000000000005
0.96,3.205326061893366 3.205467714367936 3.213890138005225 0.5999999999999994
0.961,3.198822540172383 3.198964192646953 3.207386616284241 0.6099999999999994
0.962,3.192352937609202 3.192494590083772 3.20091701372106 0.6199999999999994
0.963,3.185920349322908 3.186062001797478 3.194484425434766 0.6299999999999994
0.964,3.179527833903961 3.179669486378531 3.18809191001582 0.6399999999999995
0.965,3.173178410395741 3.173320062870311 3.181742486507599 0.6499999999999995
0.966,3.166875055315113 3.167016707789683 3.175439131426971 0.6599999999999995
0.967,3.160620699714967 3.160762352189537 3.169184775826825 0.6699999999999995
0.968,3.15441822629162 3.15455987876619 3.162982302403479 0.6799999999999995
0.969,3.148270466539947 3.148412119014517 3.156834542651805 0.6899999999999995
0.97,3.142180197959032 3.142321850433602 3.15074427407089 0.6999999999999995
0.971,3.136150141311115 3.136291793785685 3.144714217422973 0.7099999999999995
0.972,3.130182957936529 3.130324610411099 3.138747034048388 0.7199999999999995
0.973,3.124281247127277 3.124422899601847 3.132845323239135 0.7299999999999995
0.974,3.118447543561842 3.118589196036412 3.1270116196737 0.7399999999999995
0.975,3.11268431480377 3.11282596727834 3.121248390915629 0.7499999999999996
0.976,3.106993958866482 3.107135611341052 3.11555803497834 0.7599999999999996
0.977,3.10137880184672 3.10152045432129 3.109942877958578 0.7699999999999996
0.978,3.095841095628974 3.095982748103544 3.104405171740833 0.7799999999999996
0.979,3.090383015663145 3.090524668137715 3.098947091775003 0.7899999999999996
0.98,3.085006658817635 3.085148311292205 3.093570734929493 0.7999999999999996
0.981,3.079714041309993 3.079855693784563 3.088278117421852 0.8099999999999996
0.982,3.074507096717153 3.074648749191723 3.083071172829011 0.8199999999999996
0.983,3.069387674067223 3.069529326541793 3.077951750179081 0.8299999999999996
0.984,3.064357536014722 3.064499188489292 3.07292161212658 0.8399999999999996
0.985,3.059418357101049 3.059560009575619 3.067982433212908 0.8499999999999996
0.986,3.054571722101918 3.054713374576488 3.063135798213776 0.8599999999999997
0.987,3.049819124463367 3.049960776937938 3.058383200575226 0.8699999999999997
0.988,3.045161964827918 3.045303617302488 3.053726040939777 0.8799999999999997
0.989,3.040601549652302 3.040743202126873 3.049165625764161 0.8899999999999997
0.99,3.036139089918152 3.036280742392722 3.04470316603001 0.8999999999999997
0.991,3.031775699936902 3.031917352411472 3.04033977604876 0.9099999999999997
0.992,3.027512396250104 3.027654048724675 3.036076472361963 0.9199999999999997
0.993,3.023350096626221 3.023491749100792 3.03191417273808 0.9299999999999997
0.994,3.019289619154899 3.01943127162947 3.027853695266758 0.9399999999999997
0.995,3.015331681439614 3.015473333914184 3.023895757551472 0.9499999999999997
0.996,3.01147689988948 3.01161855236405 3.020040976001338 0.9599999999999997
0.997,3.007725789110932 3.007867441585502 3.016289865222791 0.9699999999999998
0.998,3.004078761399871 3.004220413874441 3.012642837511729 0.9799999999999998
0.999,3.000536126334773 3.000677778809343 3.009100202446631 0.9899999999999998
1,2.997098090471179 2.997239742945749 3.005662166583037 0.9999999999999998
1.001,2.993764757137845 2.993906409612415 3.002328833249703 1.010000000000001
1.002,2.990993072922889 2.990449305515285 2.998871729152573 1.02
1.003,2.988547141860621 2.986986223644065 2.995408647281353 1.030000000000001
1.004,2.98642634913843 2.983517161571753 2.991939585209042 1.04
1.005,2.984629770855999 2.980042116880789 2.988464540518077 1.050000000000001
1.006,2.983156174941858 2.976561087163061 2.98498351080035 1.06
1.007,2.982004022374024 2.973074070019907 2.981496493657195 1.070000000000001
1.008,2.981171468703562 2.969581063062121 2.978003486699409 1.08
1.009,2.980656365879544 2.966082063909953 2.974504487547242 1.090000000000001
1.01,2.980456264373601 2.962577070193122 2.97099949383041 1.1
1.011,2.980568415601983 2.959066079550805 2.967488503188093 1.110000000000001
1.012,2.980989774642735 2.955549089631655 2.963971513268944 1.12
1.013,2.981717003245299 2.952026098093797 2.960448521731085 1.130000000000001
1.014,2.982746473129577 2.948497102604832 2.95691952624212 1.14
1.015,2.984074269571206 2.944962100841843 2.953384524479131 1.150000000000001
1.016,2.98569619526949 2.941421090491398 2.949843514128687 1.16
1.017,2.987607774494196 2.937874069249554 2.946296492886842 1.170000000000001
1.018,2.98980425750709 2.934321034821859 2.942743458459147 1.18
1.019,2.992280625253886 2.930761984923356 2.939184408560644 1.190000000000001
1.02,2.995031594321941 2.927196917278589 2.935619340915877 1.2
1.021,2.998051622158838 2.923625829621603 2.932048253258891 1.210000000000001
1.022,3.001334912546671 2.920048719695952 2.92847114333324 1.22
1.023,3.004875421326669 2.916465585254696 2.924888008891984 1.230000000000001
1.024,3.008666862368472 2.912876424060413 2.921298847697701 1.24
1.025,3.012702713778194 2.909281233885195 2.917703657522483 1.249999999999999
1.026,3.016976224339139 2.905680012510655 2.914102436147943 1.26
1.027,3.0214804201788 2.902072757727932 2.91049518136522 1.269999999999999
1.028,3.026208111655588 2.89845946733769 2.906881890974978 1.28
1.029,3.031151900458474 2.894840139150126 2.903262562787414 1.289999999999999
1.03,3.036304186912543 2.89121477098497 2.899637194622258 1.3
1.031,3.041657177483248 2.887583360671492 2.89600578430878 1.309999999999999
1.032,3.047202892471977 2.8839459060485 2.892368329685788 1.32
1.033,3.052933173895295 2.880302404964351 2.88872482860164 1.329999999999999
1.034,3.058839693540143 2.876652855276947 2.885075278914235 1.34
1.035,3.064913961186989 2.872997254853743 2.881419678491032 1.349999999999999
1.036,3.071147332992863 2.869335601571748 2.877758025209036 1.36
1.037,3.077531020025958 2.865667893317531 2.874090316954819 1.369999999999999
1.038,3.084056096943421 2.86199412798722 2.870416551624508 1.38
1.039,3.090713510803722 2.85831430348651 2.866736727123798 1.389999999999999
1.04,3.097494090004957 2.854628417730664 2.863050841367952 1.4
1.041,3.104388553340204 2.850936468644516 2.859358892281805 1.409999999999999
1.042,3.111387519161056 2.847238454162475 2.855660877799763 1.42
1.043,3.118481514640234 2.843534372228529 2.851956795865817 1.429999999999999
1.044,3.125660985124191 2.839824220796245 2.848246644433533 1.44
1.045,3.132916303566413 2.836107997828777 2.844530421466065 1.449999999999999
1.046,3.140237780032188 2.832385701298865 2.840808124936153 1.46
1.047,3.147615671265378 2.828657329188843 2.837079752826131 1.469999999999999
1.048,3.155040190307826 2.824922879490634 2.833345303127922 1.48
1.049,3.162501516161849 2.821182350205763 2.829604773843052 1.489999999999999
1.05,3.169989803486326 2.817435739345354 2.825858162982642 1.5
1.051,3.177495192316766 2.813683044930134 2.822105468567423 1.509999999999999
1.052,3.185007817799817 2.809924264990437 2.818346688627726 1.52
1.053,3.192517819932558 2.806159397566208 2.814581821203496 1.529999999999999
1.054,3.200015353296999 2.802388440707003 2.810810864344291 1.54
1.055,3.207490596780158 2.798611392471996 2.807033816109284 1.549999999999999
1.056,3.214933763270146 2.794828250929978 2.803250674567266 1.56
1.057,3.222335109318658 2.791039014159365 2.799461437796653 1.569999999999999
1.058,3.229684944760386 2.787243680248195 2.795666103885483 1.58
1.059,3.236973642279787 2.783442247294137 2.791864670931425 1.589999999999999
1.06,3.244191646915852 2.779634713404489 2.788057137041778 1.6
1.061,3.251329485495409 2.775821076696186 2.784243500333475 1.609999999999999
1.062,3.25837777598573 2.772001335295797 2.780423758933085 1.62
1.063,3.26532723675714 2.768175487339533 2.776597910976821 1.629999999999999
1.064,3.272168695746552 2.764343530973247 2.772765954610535 1.64
1.065,3.278893099512826 2.76050546435244 2.768927887989729 1.649999999999999
1.066,3.285491522175071 2.756661285642259 2.765083709279548 1.66
1.067,3.291955174225015 2.752810993017507 2.761233416654795 1.669999999999999
1.068,3.298275411204797 2.748954584662636 2.757377008299924 1.68
1.069,3.304443742241568 2.74509205877176 2.753514482409048 1.689999999999999
1.07,3.31045183843053 2.741223413548652 2.74964583718594 1.7
1.071,3.316291541058085 2.737348647206749 2.745771070844038 1.709999999999999
1.072,3.321954869657034 2.733467757969153 2.741890181606441 1.72
1.073,3.327434029885827 2.729580744068635 2.738003167705924 1.729999999999999
1.074,3.332721421224125 2.725687603747639 2.734110027384927 1.74
1.075,3.337809644477053 2.721788335258282 2.73021075889557 1.749999999999999
1.076,3.342691509080767 2.717882936862357 2.726305360499646 1.76
1.077,3.347360040202084 2.713971406831342 2.722393830468631 1.769999999999999
1.078,3.351808485625221 2.710053743446392 2.71847616708368 1.78
1.079,3.35603032241879 2.706129944998351 2.714552368635639 1.789999999999999
1.08,3.360019263376525 2.702200009787748 2.710622433425037 1.8
1.081,3.363769263225333 2.698263936124807 2.706686359762096 1.809999999999999
1.082,3.367274524594586 2.694321722329441 2.702744145966729 1.820000000000001
1.083,3.370529503740732 2.690373366731263 2.698795790368552 1.829999999999999
1.084,3.373528916021599 2.686418867669581 2.69484129130687 1.840000000000001
1.085,3.376267741114962 2.682458223493409 2.690880647130697 1.849999999999999
1.086,3.378741227976256 2.678491432561459 2.686913856198747 1.860000000000001
1.087,3.380944899530514 2.674518493242156 2.682940916879444 1.869999999999999
1.088,3.382874557093917 2.670539403913628 2.678961827550916 1.880000000000001
1.089,3.38452628452058 2.66655416296372 2.674976586601008 1.889999999999999
1.09,3.385896452070497 2.662562768789988 2.670985192427276 1.900000000000001
1.091,3.386981719994811 2.658565219799706 2.666987643436994 1.909999999999999
1.092,3.387779041834881 2.654561514409866 2.662983938047155 1.920000000000001
1.093,3.388285667431893 2.650551651047186 2.658974074684474 1.929999999999999
1.094,3.388499145644027 2.646535628148101 2.654958051785389 1.940000000000001
1.095,3.388417326768528 2.642513444158779 2.650935867796067 1.95
1.096,3.388038364666259 2.638485097535114 2.646907521172403 1.960000000000001
1.097,3.387360718586661 2.634450586742735 2.642873010380023 1.97
1.098,3.386383154691316 2.630409910257 2.638832333894289 1.980000000000001
1.099,3.385104747274593 2.626363066563008 2.634785490200297 1.99
1.1,3.383524879680201 2.622310054155594 2.630732477792883 2.000000000000001
1.101,3.381643244912717 2.618250871539337 2.626673295176625 2.01
1.102,3.379459845943497 2.614185517228556 2.622607940865844 2.020000000000001
1.103,3.376974995710679 2.610113989747318 2.618536413384607 2.03
1.104,3.374189316813251 2.606036287629439 2.614458711266728 2.040000000000001
1.105,3.371103740899516 2.601952409418486 2.610374833055774 2.05
1.106,3.367719507750535 2.597862353667775 2.606284777305063 2.060000000000001
1.107,3.364038164059466 2.593766118940382 2.60218854257767 2.07
1.108,3.360061561907991 2.589663703809136 2.598086127446424 2.080000000000001
1.109,3.355791856941355 2.58555510685663 2.593977530493918 2.09
1.11,3.35123150624379 2.581440326675216 2.589862750312504 2.100000000000001
1.111,3.346383265916451 2.577319361867011 2.585741785504299 2.11
1.112,3.341250188360222 2.573192211043899 2.581614634681187 2.120000000000001
1.113,3.33583561926611 2.569058872827532 2.57748129646482 2.13
1.114,3.330143194316161 2.564919345849332 2.57334176948662 2.140000000000001
1.115,3.324176835598184 2.560773628750495 2.569196052387784 2.15
1.116,3.317940747737794 2.556621720181992 2.56504414381928 2.160000000000001
1.117,3.31143941375162 2.552463618804572 2.56088604244186 2.17
1.118,3.30467759062574 2.548299323288759 2.556721746926047 2.180000000000001
1.119,3.297660304623741 2.544128832314864 2.552551255952152 2.19
1.12,3.29039284632899 2.539952144572978 2.548374568210266 2.200000000000001
1.121,3.282880765426063 2.53576925876298 2.544191682400268 2.21
1.122,3.275129865226425 2.531580173594533 2.540002597231822 2.220000000000001
1.123,3.267146196943818 2.527384887787095 2.535807311424383 2.23
1.124,3.258936053724953 2.523183400069908 2.531605823707196 2.240000000000001
1.125,3.250505964441452 2.518975709182016 2.527398132819304 2.25
1.126,3.241862687249112 2.514761813872252 2.52318423750954 2.260000000000001
1.127,3.2330132029209 2.510541712899252 2.51896413653654 2.27
1.128,3.223964707960205 2.506315405031446 2.514737828668734 2.280000000000001
1.129,3.214724607501198 2.502082889047072 2.51050531268436 2.29
1.13,3.205300508003253 2.497844163734165 2.506266587371453 2.300000000000001
1.131,3.195700209746695 2.49359922789057 2.502021651527858 2.31
1.132,3.185931699137214 2.489348080323936 2.497770503961224 2.320000000000001
1.133,3.176003140826618 2.485090719851725 2.493513143489014 2.33
1.134,3.165922869657614 2.480827145301206 2.489249568938495 2.340000000000001
1.135,3.155699382440661 2.476557355509465 2.484979779146753 2.35
1.136,3.14534132957091 2.472281349323397 2.480703772960685 2.360000000000001
1.137,3.134857506493606 2.46799912559972 2.476421549237009 2.37
1.138,3.124256845026274 2.463710683204965 2.472133106842254 2.380000000000001
1.139,3.113548404546348 2.459416021015488 2.467838444652776 2.39
1.14,3.102741363052857 2.455115137917462 2.46353756155475 2.400000000000001
1.141,3.091845008111057 2.450808032806887 2.459230456444175 2.41
1.142,3.080868727688886 2.446494704589586 2.454917128226874 2.420000000000001
1.143,3.069822000894348 2.442175152181213 2.450597575818501 2.43
1.144,3.058714388622891 2.437849374507246 2.446271798144535 2.440000000000001
1.145,3.047555524124102 2.433517370502999 2.441939794140287 2.45
1.146,3.036355103496923 2.433958549576741 2.442380973214029 2.450441179073742
1.147,3.025122876122877 2.434395576363708 2.442818000000996 2.45087820586071
1.148,3.013868635046641 2.434828450173776 2.443250873811064 2.451311079670778
1.149,3.002602207313555 2.435257170323378 2.443679593960666 2.451739799820379
1.15,2.991333444273514 2.435681736135505 2.444104159772793 2.452164365632507
1.151,2.980072211860896 2.436102146939711 2.444524570577 2.452584776436713
1.152,2.96882838086004 2.436518402072111 2.444940825709399 2.453001031569112
1.153,2.957611817165955 2.436930500875378 2.445352924512667 2.45341313037238
1.154,2.946432372049796 2.437338442698755 2.445760866336043 2.453821072195757
1.155,2.935299872438781 2.437742226898044 2.446164650535333 2.454224856395046
1.156,2.924224111220115 2.438141852835616 2.446564276472905 2.454624482332618
1.157,2.913214837578455 2.438537319880407 2.446959743517695 2.455019949377408
1.158,2.90228174737653 2.43892862740792 2.447351051045208 2.455411256904921
1.159,2.891434473588322 2.439315774800227 2.447738198437515 2.455798404297228
1.16,2.880682576794326 2.439698761445969 2.448121185083258 2.456181390942971
1.161,2.870035535748204 2.440077586740359 2.448500010377648 2.456560216237361
1.162,2.859502738024201 2.44045225008518 2.448874673722468 2.456934879582181
1.163,2.849093470754498 2.440822750888786 2.449245174526074 2.457305380385788
1.164,2.838816911465696 2.441189088566107 2.449611512203395 2.457671718063108
1.165,2.828682119023419 2.441551262538646 2.449973686175934 2.458033892035647
1.166,2.818698024694035 2.441909272234479 2.450331695871768 2.458391901731481
1.167,2.808873423332246 2.442263117088262 2.450685540725551 2.458745746585264
1.168,2.799216964703319 2.442612796541225 2.451035220178513 2.459095426038227
1.169,2.789737144948445 2.442958310041176 2.451380733678465 2.459440939538178
1.17,2.780442298201721 2.443299657042502 2.451722080679791 2.459782286539504
1.171,2.771340588366967 2.44363683700617 2.452059260643459 2.460119466503172
1.172,2.762440001062541 2.443969849399727 2.452392273037015 2.460452478896728
1.173,2.753748335742063 2.4442986936973 2.452721117334588 2.460781323194301
1.174,2.74527319799886 2.444623369379599 2.453045793016888 2.461105998876601
1.175,2.737021992061689 2.444943875933918 2.453366299571206 2.46142650543092
1.176,2.729001913489181 2.445260212854133 2.453682636491421 2.461742842351134
1.177,2.72121994207018 2.445572379640704 2.453994803277992 2.462055009137706
1.178,2.713682834937023 2.445880375800678 2.454302799437966 2.462363005297679
1.179,2.706397119898511 2.446184200847686 2.454606624484974 2.462666830344687
1.18,2.699369088999197 2.446483854301947 2.454906277939235 2.462966483798949
1.181,2.692604792311308 2.446779335690268 2.455201759327557 2.46326196518727
1.182,2.686110031965462 2.447070644546044 2.455493068183332 2.463553274043045
1.183,2.679890356426032 2.447357780409257 2.455780204046545 2.463840409906259
1.184,2.673951055016856 2.447640742826481 2.456063166463769 2.464123372323483
1.185,2.668297152702642 2.44791953135088 2.456341954988168 2.464402160847881
1.186,2.662933405131261 2.448194145542208 2.456616569179497 2.46467677503921
1.187,2.657864293941795 2.448464584966813 2.456887008604101 2.464947214463815
1.188,2.653094022342987 2.448730849197633 2.457153272834922 2.465213478694635
1.189,2.648626510966435 2.448992937814202 2.45741536145149 2.465475567311203
1.19,2.644465393998654 2.449250850402644 2.457673274039933 2.465733479899646
1.191,2.640614015595791 2.449504586555682 2.457927010192971 2.465987216052684
1.192,2.637075426584553 2.449754145872631 2.45817656950992 2.466236775369633
1.193,2.633852381452589 2.449999527959403 2.458421951596691 2.466482157456404
1.194,2.630947335631316 2.450240732428506 2.458663156065794 2.466723361925507
1.195,2.628362443073841 2.450477758899045 2.458900182536333 2.466960388396046
1.196,2.626099554130404 2.450710606996723 2.459133030634011 2.467193236493725
1.197,2.624160213723406 2.450939276353842 2.45936169999113 2.467421905850843
1.198,2.622545659823846 2.4511637666093 2.459586190246588 2.467646396106301
1.199,2.621256822230659 2.451384077408598 2.459806501045886 2.467866706905599
1.2,2.620294321654169 2.451600208403834 2.460022632041122 2.468082837900835
1.201,2.619658469104546 2.451812159253708 2.460234582890997 2.46829478875071
1.202,2.619349265585888 2.452019929623522 2.46044235326081 2.468502559120523
1.203,2.619366402096218 2.452223519185176 2.460645942822464 2.468706148682177
1.204,2.619709259933404 2.452422927617175 2.460845351254464 2.468905557114177
1.205,2.620376911306692 2.452618154604627 2.461040578241915 2.469100784101629
1.206,2.621368120253253 2.452809199839241 2.461231623476529 2.469291829336242
1.207,2.622681343858841 2.45299606301933 2.461418486656619 2.469478692516332
1.208,2.624314733781358 2.453178743849813 2.461601167487101 2.469661373346815
1.209,2.626266138075813 2.453357242042211 2.461779665679499 2.469839871539213
1.21,2.628533103318884 2.453531557314651 2.46195398095194 2.470014186811653
1.211,2.63111287703099 2.453701689391866 2.462124113029154 2.470184318888867
1.212,2.634002410393459 2.453867638005193 2.462290061642482 2.470350267502195
1.213,2.637198361258152 2.454029402892578 2.462451826529866 2.47051203238958
1.214,2.640697097446519 2.454186983798571 2.46260940743586 2.470669613295573
1.215,2.64449470033489 2.454340380474332 2.46276280411162 2.470823009971333
1.216,2.648586968722407 2.454489592677624 2.462912016314913 2.470972222174626
1.217,2.652969422977829 2.454634620172823 2.463057043810111 2.471117249669824
1.218,2.657637309461073 2.454775462730909 2.463197886368198 2.471258092227911
1.219,2.66258560521517 2.454912120129474 2.463334543766762 2.471394749626475
1.22,2.667809022923965 2.455044592152716 2.463467015790004 2.471527221649717
1.221,2.673302016130706 2.455172878591444 2.463595302228732 2.471655508088445
1.222,2.679058784712339 2.455296979243076 2.463719402880364 2.471779608740078
1.223,2.685073280604132 2.455416893911641 2.463839317548929 2.471899523408642
1.224,2.691339213768962 2.455532622407776 2.463955046045065 2.472015251904778
1.225,2.697850058405384 2.455644164548731 2.46406658818602 2.472126794045733
1.226,2.704599059388345 2.455751520158366 2.464173943795654 2.472234149655367
1.227,2.711579238936206 2.455854689067151 2.464277112704439 2.472337318564152
1.228,2.718783403497458 2.455953671112168 2.464376094749456 2.47243630060917
1.229,2.726204150850386 2.456048466137112 2.4644708897744 2.472531095634113
1.23,2.733833877408616 2.456139073992287 2.464561497629576 2.472621703489289
1.231,2.741664785725391 2.456225494534613 2.464647918171901 2.472708124031614
1.232,2.749688892189119 2.456307727627618 2.464730151264906 2.472790357124619
1.233,2.757898034902656 2.456385773141446 2.464808196778734 2.472868402638448
1.234,2.766283881738476 2.456459630952852 2.464882054590141 2.472942260449854
1.235,2.774837938561857 2.456529300945205 2.464951724582494 2.473011930442207
1.236,2.783551557613896 2.456594783008486 2.465017206645775 2.473077412505488
1.237,2.792415946046144 2.456656077039291 2.465078500676579 2.473138706536292
1.238,2.801422174598376 2.456713182940827 2.465135606578115 2.473195812437828
1.239,2.810561186410992 2.456766100622916 2.465188524260204 2.473248730119917
1.24,2.819823805963298 2.456814830001994 2.465237253639283 2.473297459498996
1.241,2.829200748128899 2.456859371001112 2.4652817946384 2.473342000498113
1.242,2.838682627339208 2.456899723549931 2.46532214718722 2.473382353046933
1.243,2.848259966846094 2.456935887584732 2.46535831122202 2.473418517081733
1.244,2.857923208074463 2.456967863048404 2.465390286685692 2.473450492545405
1.245,2.867662720055597 2.456995649890455 2.465418073527744 2.473478279387457
1.246,2.877468808931894 2.457019248067006 2.465441671704295 2.473501877564008
1.247,2.887331727523682 2.457038657540792 2.465461081178081 2.473521287037794
1.248,2.897241684948601 2.457053878281163 2.465476301918451 2.473536507778164
1.249,2.907188856284126 2.457064910264082 2.465487333901371 2.473547539761084
1.25,2.91716339226364 2.45707175347213 2.465494177109418 2.473554382969131
1.251,2.927155428996533 2.457074407894499 2.465496831531787 2.4735570373915
1.252,2.93715049460019 2.457074407894499 2.465496831531787 2.4735570373915
1.253,2.947130761884473 2.457074407894499 2.465496831531787 2.4735570373915
1.254,2.957086381530503 2.457074407894499 2.465496831531787 2.4735570373915
1.255,2.967007528543649 2.457074407894499 2.465496831531787 2.4735570373915
1.256,2.976884411949599 2.457074407894499 2.465496831531787 2.4735570373915
1.257,2.986707284456887 2.457074407894499 2.465496831531787 2.4735570373915
1.258,2.996466452076274 2.457074407894499 2.465496831531787 2.4735570373915
1.259,3.006152283687561 2.457074407894499 2.465496831531787 2.4735570373915
1.26,3.015755220544329 2.457074407894499 2.465496831531787 2.4735570373915
1.261,3.025265785707282 2.457074407894499 2.465496831531787 2.4735570373915
1.262,3.034674593396823 2.457074407894499 2.465496831531787 2.4735570373915
1.263,3.043972358255707 2.457074407894499 2.465496831531787 2.4735570373915
1.264,3.053149904512545 2.457074407894499 2.465496831531787 2.4735570373915
1.265,3.062198175037206 2.457074407894499 2.465496831531787 2.4735570373915
1.266,3.071108240279089 2.457074407894499 2.465496831531787 2.4735570373915
1.267,3.079871307079529 2.457074407894499 2.465496831531787 2.4735570373915
1.268,3.088478727349567 2.457074407894499 2.465496831531787 2.4735570373915
1.269,3.096922006604588 2.457074407894499 2.465496831531787 2.4735570373915
1.27,3.105192812347333 2.457074407894499 2.465496831531787 2.4735570373915
1.271,3.113282982291083 2.457074407894499 2.465496831531787 2.4735570373915
1.272,3.121184532414839 2.457074407894499 2.465496831531787 2.4735570373915
1.273,3.128889664842597 2.457074407894499 2.465496831531787 2.4735570373915
1.274,3.136390775538901 2.457074407894499 2.465496831531787 2.4735570373915
1.275,3.143680461813116 2.457074407894499 2.465496831531787 2.4735570373915
1.276,3.150751529624981 2.457074407894499 2.465496831531787 2.4735570373915
1.277,3.157597000684269 2.457074407894499 2.465496831531787 2.4735570373915
1.278,3.164210119337505 2.457074407894499 2.465496831531787 2.4735570373915
1.279,3.170584359234992 2.457074407894499 2.465496831531787 2.4735570373915
1.28,3.176713429771521 2.457074407894499 2.465496831531787 2.4735570373915
1.281,3.182591282294446 2.457074407894499 2.465496831531787 2.4735570373915
1.282,3.188212116072968 2.457074407894499 2.465496831531787 2.4735570373915
1.283,3.193570384022757 2.457074407894499 2.465496831531787 2.4735570373915
1.284,3.198660798180261 2.457074407894499 2.465496831531787 2.4735570373915
1.285,3.203478334921278 2.457074407894499 2.465496831531787 2.4735570373915
1.286,3.208018239918674 2.457074407894499 2.465496831531787 2.4735570373915
1.287,3.212276032834324 2.457074407894499 2.465496831531787 2.4735570373915
1.288,3.216247511740673 2.457074407894499 2.465496831531787 2.4735570373915
1.289,3.219928757267519 2.457074407894499 2.465496831531787 2.4735570373915
1.29,3.223316136469972 2.457074407894499 2.465496831531787 2.4735570373915
1.291,3.226406306413721 2.457074407894499 2.465496831531787 2.4735570373915
1.292,3.229196217474114 2.457074407894499 2.465496831531787 2.4735570373915
1.293,3.231683116345763 2.457074407894499 2.465496831531787 2.4735570373915
1.294,3.233864548759728 2.457074407894499 2.465496831531787 2.4735570373915
1.295,3.235738361905586 2.457074407894499 2.465496831531787 2.4735570373915
1.296,3.237302706555988 2.457074407894499 2.465496831531787 2.4735570373915
1.297,3.238556038891631 2.457074407894499 2.465496831531787 2.4735570373915
1.298,3.239497122024816 2.457074407894499 2.465496831531787 2.4735570373915
1.299,3.240125027220109 2.457074407894499 2.465496831531787 2.4735570373915
1.3,3.240439134810891 2.457074407894499 2.465496831531787 2.4735570373915
1.301,3.240439134810891 2.457074407894499 2.465496831531787 2.4735570373915
1.302,3.24012502722011 2.457074407894499 2.465496831531787 2.4735570373915
1.303,3.239497122024817 2.457074407894499 2.465496831531787 2.4735570373915
1.304,3.238556038891631 2.457074407894499 2.465496831531787 2.4735570373915
1.305,3.237302706555989 2.457074407894499 2.465496831531787 2.4735570373915
1.306,3.235738361905586 2.457074407894499 2.465496831531787 2.4735570373915
1.307,3.233864548759729 2.457074407894499 2.465496831531787 2.4735570373915
1.308,3.231683116345763 2.457074407894499 2.465496831531787 2.4735570373915
1.309,3.229196217474115 2.457074407894499 2.465496831531787 2.4735570373915
1.31,3.226406306413722 2.457074407894499 2.465496831531787 2.4735570373915
1.311,3.223316136469973 2.457074407894499 2.465496831531787 2.4735570373915
1.312,3.21992875726752 2.457074407894499 2.465496831531787 2.4735570373915
1.313,3.216247511740673 2.457074407894499 2.465496831531787 2.4735570373915
1.314,3.212276032834325 2.457074407894499 2.465496831531787 2.4735570373915
1.315,3.208018239918675 2.457074407894499 2.465496831531787 2.4735570373915
1.316,3.203478334921279 2.457074407894499 2.465496831531787 2.4735570373915
1.317,3.198660798180262 2.457074407894499 2.465496831531787 2.4735570373915
1.318,3.193570384022758 2.457074407894499 2.465496831531787 2.4735570373915
1.319,3.188212116072969 2.457074407894499 2.465496831531787 2.4735570373915
1.32,3.182591282294447 2.457074407894499 2.465496831531787 2.4735570373915
1.321,3.176713429771523 2.457074407894499 2.465496831531787 2.4735570373915
1.322,3.170584359234992 2.457074407894499 2.465496831531787 2.4735570373915
1.323,3.164210119337506 2.457074407894499 2.465496831531787 2.4735570373915
1.324,3.157597000684269 2.457074407894499 2.465496831531787 2.4735570373915
1.325,3.150751529624983 2.457074407894499 2.465496831531787 2.4735570373915
1.326,3.143680461813116 2.457074407894499 2.465496831531787 2.4735570373915
1.327,3.136390775538903 2.457074407894499 2.465496831531787 2.4735570373915
1.328,3.128889664842598 2.457074407894499 2.465496831531787 2.4735570373915
1.329,3.121184532414841 2.457074407894499 2.465496831531787 2.4735570373915
1.33,3.113282982291083 2.457074407894499 2.465496831531787 2.4735570373915
1.331,3.105192812347334 2.457074407894499 2.465496831531787 2.4735570373915
1.332,3.096922006604588 2.457074407894499 2.465496831531787 2.4735570373915
1.333,3.088478727349569 2.457074407894499 2.465496831531787 2.4735570373915
1.334,3.079871307079528 2.457074407894499 2.465496831531787 2.4735570373915
1.335,3.071108240279091 2.457074407894499 2.465496831531787 2.4735570373915
1.336,3.062198175037206 2.457074407894499 2.465496831531787 2.4735570373915
1.337,3.053149904512547 2.457074407894499 2.465496831531787 2.4735570373915
1.338,3.043972358255706 2.457074407894499 2.465496831531787 2.4735570373915
1.339,3.034674593396824 2.457074407894499 2.465496831531787 2.4735570373915
1.34,3.025265785707281 2.457074407894499 2.465496831531787 2.4735570373915
1.341,3.015755220544331 2.457074407894499 2.465496831531787 2.4735570373915
1.342,3.00615228368756 2.457074407894499 2.465496831531787 2.4735570373915
1.343,2.996466452076275 2.457074407894499 2.465496831531787 2.4735570373915
1.344,2.986707284456886 2.457074407894499 2.465496831531787 2.4735570373915
1.345,2.976884411949601 2.457074407894499 2.465496831531787 2.4735570373915
1.346,2.967007528543648 2.457074407894499 2.465496831531787 2.4735570373915
1.347,2.957086381530504 2.457074407894499 2.465496831531787 2.4735570373915
1.348,2.947130761884472 2.457074407894499 2.465496831531787 2.4735570373915
1.349,2.937150494600191 2.457074407894499 2.465496831531787 2.4735570373915
1.35,2.927155428996532 2.457074407894499 2.465496831531787 2.4735570373915
1.351,2.917155428996534 2.457074407894499 2.465496831531787 2.4735570373915
1.352,2.907160363392875 2.457074407894499 2.465496831531787 2.4735570373915
1.353,2.897180096108594 2.457074407894499 2.465496831531787 2.4735570373915
1.354,2.887224476462562 2.457074407894499 2.465496831531787 2.4735570373915
1.355,2.877303329449418 2.457074407894499 2.465496831531787 2.4735570373915
1.356,2.867426446043465 2.457074407894499 2.465496831531787 2.4735570373915
1.357,2.85760357353618 2.457074407894499 2.465496831531787 2.4735570373915
1.358,2.847844405916791 2.457074407894499 2.465496831531787 2.4735570373915
1.359,2.838158574305506 2.457074407894499 2.465496831531787 2.4735570373915
1.36,2.828555637448735 2.457074407894499 2.465496831531787 2.4735570373915
1.361,2.819045072285785 2.457074407894499 2.465496831531787 2.4735570373915
1.362,2.809636264596242 2.457074407894499 2.465496831531787 2.4735570373915
1.363,2.80033849973736 2.457074407894499 2.465496831531787 2.4735570373915
1.364,2.791160953480519 2.457074407894499 2.465496831531787 2.4735570373915
1.365,2.78211268295586 2.457074407894499 2.465496831531787 2.4735570373915
1.366,2.773202617713975 2.457074407894499 2.465496831531787 2.4735570373915
1.367,2.764439550913538 2.457074407894499 2.465496831531787 2.4735570373915
1.368,2.755832130643497 2.457074407894499 2.465496831531787 2.4735570373915
1.369,2.747388851388478 2.457074407894499 2.465496831531787 2.4735570373915
1.37,2.739118045645731 2.457074407894499 2.465496831531787 2.4735570373915
1.371,2.731027875701983 2.457074407894499 2.465496831531787 2.4735570373915
1.372,2.723126325578225 2.457074407894499 2.465496831531787 2.4735570373915
1.373,2.715421193150468 2.457074407894499 2.465496831531787 2.4735570373915
1.374,2.707920082454163 2.457074407894499 2.465496831531787 2.4735570373915
1.375,2.70063039617995 2.457074407894499 2.465496831531787 2.4735570373915
1.376,2.693559328368083 2.457074407894499 2.465496831531787 2.4735570373915
1.377,2.686713857308797 2.457074407894499 2.465496831531787 2.4735570373915
1.378,2.68010073865556 2.457074407894499 2.465496831531787 2.4735570373915
1.379,2.673726498758074 2.457074407894499 2.465496831531787 2.4735570373915
1.38,2.667597428221543 2.457074407894499 2.465496831531787 2.4735570373915
1.381,2.661719575698619 2.457074407894499 2.465496831531787 2.4735570373915
1.382,2.656098741920097 2.457074407894499 2.465496831531787 2.4735570373915
1.383,2.650740473970308 2.457074407894499 2.465496831531787 2.4735570373915
1.384,2.645650059812803 2.457074407894499 2.465496831531787 2.4735570373915
1.385,2.640832523071787 2.457074407894499 2.465496831531787 2.4735570373915
1.386,2.636292618074391 2.457074407894499 2.465496831531787 2.4735570373915
1.387,2.63203482515874 2.457074407894499 2.465496831531787 2.4735570373915
1.388,2.628063346252392 2.457074407894499 2.465496831531787 2.4735570373915
1.389,2.624382100725546 2.457074407894499 2.465496831531787 2.4735570373915
1.39,2.620994721523092 2.457074407894499 2.465496831531787 2.4735570373915
1.391,2.617904551579343 2.457074407894499 2.465496831531787 2.4735570373915
1.392,2.61511464051895 2.457074407894499 2.465496831531787 2.4735570373915
1.393,2.612627741647302 2.457074407894499 2.465496831531787 2.4735570373915
1.394,2.610446309233336 2.457074407894499 2.465496831531787 2.4735570373915
1.395,2.608572496087479 2.457074407894499 2.465496831531787 2.4735570373915
1.396,2.607008151437077 2.457074407894499 2.465496831531787 2.4735570373915
1.397,2.605754819101434 2.457074407894499 2.465496831531787 2.4735570373915
1.398,2.604813735968249 2.457074407894499 2.465496831531787 2.4735570373915
1.399,2.604185830772956 2.457074407894499 2.465496831531787 2.4735570373915
1.4,2.603871723182174 2.457074407894499 2.465496831531787 2.4735570373915
1.401,2.603871723182174 2.457074407894499 2.465496831531787 2.4735570373915
1.402,2.604185830772955 2.457074407894499 2.465496831531787 2.4735570373915
1.403,2.604813735968248 2.457074407894499 2.465496831531787 2.4735570373915
1.404,2.605754819101433 2.457074407894499 2.465496831531787 2.4735570373915
1.405,2.607008151437076 2.457074407894499 2.465496831531787 2.4735570373915
1.406,2.608572496087479 2.457074407894499 2.465496831531787 2.4735570373915
1.407,2.610446309233336 2.457074407894499 2.465496831531787 2.4735570373915
1.408,2.612627741647301 2.457074407894499 2.465496831531787 2.4735570373915
1.409,2.61511464051895 2.457074407894499 2.465496831531787 2.4735570373915
1.41,2.617904551579342 2.457074407894499 2.465496831531787 2.4735570373915
1.411,2.620994721523092 2.457074407894499 2.465496831531787 2.4735570373915
1.412,2.624382100725544 2.457074407894499 2.465496831531787 2.4735570373915
1.413,2.628063346252391 2.457074407894499 2.465496831531787 2.4735570373915
1.414,2.632034825158739 2.457074407894499 2.465496831531787 2.4735570373915
1.415,2.63629261807439 2.457074407894499 2.465496831531787 2.4735570373915
1.416,2.640832523071785 2.457074407894499 2.465496831531787 2.4735570373915
1.417,2.645650059812803 2.457074407894499 2.465496831531787 2.4735570373915
1.418,2.650740473970306 2.457074407894499 2.465496831531787 2.4735570373915
1.419,2.656098741920096 2.457074407894499 2.465496831531787 2.4735570373915
1.42,2.661719575698617 2.457074407894499 2.465496831531787 2.4735570373915
1.421,2.667597428221542 2.457074407894499 2.465496831531787 2.4735570373915
1.422,2.673726498758072 2.457074407894499 2.465496831531787 2.4735570373915
1.423,2.680100738655559 2.457074407894499 2.465496831531787 2.4735570373915
1.424,2.686713857308795 2.457074407894499 2.465496831531787 2.4735570373915
1.425,2.693559328368083 2.457074407894499 2.465496831531787 2.4735570373915
1.426,2.700630396179948 2.457074407894499 2.465496831531787 2.4735570373915
1.427,2.707920082454163 2.457074407894499 2.465496831531787 2.4735570373915
1.428,2.715421193150466 2.457074407894499 2.465496831531787 2.4735570373915
1.429,2.723126325578225 2.457074407894499 2.465496831531787 2.4735570373915
1.43,2.731027875701981 2.457074407894499 2.465496831531787 2.4735570373915
1.431,2.739118045645732 2.457074407894499 2.465496831531787 2.4735570373915
1.432,2.747388851388476 2.457074407894499 2.465496831531787 2.4735570373915
1.433,2.755832130643497 2.457074407894499 2.465496831531787 2.4735570373915
1.434,2.764439550913536 2.457074407894499 2.465496831531787 2.4735570373915
1.435,2.773202617713975 2.457074407894499 2.465496831531787 2.4735570373915
1.436,2.782112682955858 2.457074407894499 2.465496831531787 2.4735570373915
1.437,2.791160953480519 2.457074407894499 2.465496831531787 2.4735570373915
1.438,2.800338499737358 2.457074407894499 2.465496831531787 2.4735570373915
1.439,2.809636264596241 2.457074407894499 2.465496831531787 2.4735570373915
1.44,2.819045072285782 2.457074407894499 2.465496831531787 2.4735570373915
1.441,2.828555637448735 2.457074407894499 2.465496831531787 2.4735570373915
1.442,2.838158574305503 2.457074407894499 2.465496831531787 2.4735570373915
1.443,2.847844405916791 2.457074407894499 2.465496831531787 2.4735570373915
1.444,2.857603573536177 2.457074407894499 2.465496831531787 2.4735570373915
1.445,2.867426446043465 2.457074407894499 2.465496831531787 2.4735570373915
1.446,2.877303329449415 2.457074407894499 2.465496831531787 2.4735570373915
1.447,2.887224476462561 2.457074407894499 2.465496831531787 2.4735570373915
1.448,2.897180096108591 2.457074407894499 2.465496831531787 2.4735570373915
1.449,2.907160363392875 2.457074407894499 2.465496831531787 2.4735570373915
1.45,2.917155428996531 2.457074407894499 2.465496831531787 2.4735570373915
1.451,2.927155428996532 2.457074407894499 2.465496831531787 2.4735570373915
1.452,2.937150494600188 2.457074407894499 2.465496831531787 2.4735570373915
1.453,2.947130761884472 2.457074407894499 2.465496831531787 2.4735570373915
1.454,2.957086381530502 2.457074407894499 2.465496831531787 2.4735570373915
1.455,2.967007528543648 2.457074407894499 2.465496831531787 2.4735570373915
1.456,2.976884411949598 2.457074407894499 2.465496831531787 2.4735570373915
1.457,2.986707284456886 2.457074407894499 2.465496831531787 2.4735570373915
1.458,2.996466452076272 2.457074407894499 2.465496831531787 2.4735570373915
1.459,3.00615228368756 2.457074407894499 2.465496831531787 2.4735570373915
1.46,3.015755220544328 2.457074407894499 2.465496831531787 2.4735570373915
1.461,3.025265785707281 2.457074407894499 2.465496831531787 2.4735570373915
1.462,3.034674593396822 2.457074407894499 2.465496831531787 2.4735570373915
1.463,3.043972358255705 2.457074407894499 2.465496831531787 2.4735570373915
1.464,3.053149904512544 2.457074407894499 2.465496831531787 2.4735570373915
1.465,3.062198175037205 2.457074407894499 2.465496831531787 2.4735570373915
1.466,3.071108240279088 2.457074407894499 2.465496831531787 2.4735570373915
1.467,3.079871307079527 2.457074407894499 2.465496831531787 2.4735570373915
1.468,3.088478727349566 2.457074407894499 2.465496831531787 2.4735570373915
1.469,3.096922006604587 2.457074407894499 2.465496831531787 2.4735570373915
1.47,3.105192812347331 2.457074407894499 2.465496831531787 2.4735570373915
1.471,3.113282982291082 2.457074407894499 2.465496831531787 2.4735570373915
1.472,3.121184532414838 2.457074407894499 2.465496831531787 2.4735570373915
1.473,3.128889664842597 2.457074407894499 2.465496831531787 2.4735570373915
1.474,3.1363907755389 2.457074407894499 2.465496831531787 2.4735570373915
1.475,3.143680461813115 2.457074407894499 2.465496831531787 2.4735570373915
1.476,3.15075152962498 2.457074407894499 2.465496831531787 2.4735570373915
1.477,3.157597000684268 2.457074407894499 2.465496831531787 2.4735570373915
1.478,3.164210119337504 2.457074407894499 2.465496831531787 2.4735570373915
1.479,3.170584359234991 2.457074407894499 2.465496831531787 2.4735570373915
1.48,3.17671342977152 2.457074407894499 2.465496831531787 2.4735570373915
1.481,3.182591282294446 2.457074407894499 2.465496831531787 2.4735570373915
1.482,3.188212116072967 2.457074407894499 2.465496831531787 2.4735570373915
1.483,3.193570384022757 2.457074407894499 2.465496831531787 2.4735570373915
1.484,3.19866079818026 2.457074407894499 2.465496831531787 2.4735570373915
1.485,3.203478334921278 2.457074407894499 2.465496831531787 2.4735570373915
1.486,3.208018239918673 2.457074407894499 2.465496831531787 2.4735570373915
1.487,3.212276032834325 2.457074407894499 2.465496831531787 2.4735570373915
1.488,3.216247511740672 2.457074407894499 2.465496831531787 2.4735570373915
1.489,3.219928757267519 2.457074407894499 2.465496831531787 2.4735570373915
1.49,3.223316136469972 2.457074407894499 2.465496831531787 2.4735570373915
1.491,3.226406306413722 2.457074407894499 2.465496831531787 2.4735570373915
1.492,3.229196217474114 2.457074407894499 2.465496831531787 2.4735570373915
1.493,3.231683116345763 2.457074407894499 2.465496831531787 2.4735570373915
1.494,3.233864548759728 2.457074407894499 2.465496831531787 2.4735570373915
1.495,3.235738361905586 2.457074407894499 2.465496831531787 2.4735570373915
1.496,3.237302706555988 2.457074407894499 2.465496831531787 2.4735570373915
1.497,3.238556038891631 2.457074407894499 2.465496831531787 2.4735570373915
1.498,3.239497122024816 2.457074407894499 2.465496831531787 2.4735570373915
1.499,3.240125027220109 2.457074407894499 2.465496831531787 2.4735570373915
1.5,3.24043913481089 2.457074407894499 2.465496831531787 2.4735570373915
